-- MySQL dump 10.16  Distrib 10.1.32-MariaDB, for Win32 (AMD64)
--
-- Host: localhost    Database: db_chatonline
-- ------------------------------------------------------
-- Server version	10.1.32-MariaDB

/*!40101 SET @OLD_CHARACTER_SET_CLIENT=@@CHARACTER_SET_CLIENT */;
/*!40101 SET @OLD_CHARACTER_SET_RESULTS=@@CHARACTER_SET_RESULTS */;
/*!40101 SET @OLD_COLLATION_CONNECTION=@@COLLATION_CONNECTION */;
/*!40101 SET NAMES utf8 */;
/*!40103 SET @OLD_TIME_ZONE=@@TIME_ZONE */;
/*!40103 SET TIME_ZONE='+00:00' */;
/*!40014 SET @OLD_UNIQUE_CHECKS=@@UNIQUE_CHECKS, UNIQUE_CHECKS=0 */;
/*!40014 SET @OLD_FOREIGN_KEY_CHECKS=@@FOREIGN_KEY_CHECKS, FOREIGN_KEY_CHECKS=0 */;
/*!40101 SET @OLD_SQL_MODE=@@SQL_MODE, SQL_MODE='NO_AUTO_VALUE_ON_ZERO' */;
/*!40111 SET @OLD_SQL_NOTES=@@SQL_NOTES, SQL_NOTES=0 */;

--
-- Table structure for table `ylrc_account`
--

DROP TABLE IF EXISTS `ylrc_account`;
/*!40101 SET @saved_cs_client     = @@character_set_client */;
/*!40101 SET character_set_client = utf8 */;
CREATE TABLE `ylrc_account` (
  `id` bigint(20) NOT NULL AUTO_INCREMENT,
  `create_time` datetime NOT NULL,
  `update_time` datetime NOT NULL,
  `email` varchar(32) DEFAULT NULL,
  `head_pic` varchar(128) DEFAULT NULL,
  `mobile` varchar(12) DEFAULT NULL,
  `password` varchar(32) NOT NULL,
  `sex` int(11) DEFAULT NULL,
  `status` int(11) DEFAULT NULL,
  `username` varchar(18) NOT NULL,
  `chat_status` varchar(18) DEFAULT NULL,
  `info` varchar(128) DEFAULT NULL,
  PRIMARY KEY (`id`),
  UNIQUE KEY `UK_aihhboidd3kwbhu1k1v5nli8b` (`username`)
) ENGINE=InnoDB AUTO_INCREMENT=11 DEFAULT CHARSET=utf8;
/*!40101 SET character_set_client = @saved_cs_client */;

--
-- Dumping data for table `ylrc_account`
--

LOCK TABLES `ylrc_account` WRITE;
/*!40000 ALTER TABLE `ylrc_account` DISABLE KEYS */;
INSERT INTO `ylrc_account` VALUES (1,'2020-07-11 15:21:49','2020-07-29 20:53:19','llqqxf@qq.com','20200729/1596027199536.png','18816265655','123456',1,1,'猿来入此','active','【猿来入此】专注于Java实战教程'),(2,'2020-07-12 00:33:39','2020-08-05 20:51:59','167639026@qq.com','20200712/1594485068661.jpg',NULL,'123456',0,1,'小明同学','active','小明一听就是个好孩子！'),(3,'2020-07-12 14:21:25','2020-07-15 16:44:13','a@qq.com','20200712/1594485297763.png','','1111',0,1,'小张同学','status-offline','喜欢学习Java编程！目前在猿来入此官网进行学习。'),(4,'2020-07-12 14:21:50','2020-07-21 22:39:28','ww@qq.com','20200712/1594530373511.png','17315696564','1111',0,1,'慢慢来会比较快','active','有人说慢慢来会比较快'),(5,'2020-07-12 14:22:02','2020-07-15 17:07:41','2401886169@qq.com','default.png','','1111',0,1,'舍我其谁','status-offline','天下大事分久必合，合久必分！'),(6,'2020-07-12 14:22:13','2020-08-04 21:24:47','ww@qq.com','20200712/1594559516305.jpg','16656564656','1111',0,1,'秦时明月','active','秦时明月汉时关！'),(7,'2020-07-12 14:22:22','2020-07-15 17:08:20','2401886169@qq.com','20200712/1594560371017.jpg','18818881818','1111',0,1,'雄霸天下','status-offline','风云雄霸天下，变幻莫测！'),(8,'2020-07-12 14:22:39','2020-07-15 17:08:32','ww@qq.com','20200712/1594560427415.jpg','','1111',1,1,'天下霸唱','active','鬼吹灯系列小说作者！'),(9,'2020-07-29 21:32:02','2020-07-29 21:33:04','zhubo@qq.com','20200729/1596029584781.jpeg','','123456',0,1,'朱波蕊蕊','active',''),(10,'2020-08-15 15:11:51','2020-08-15 15:14:11','wuying@qq.com','20200815/1597475651573.jpg','','1111',0,1,'无影无踪','active','');
/*!40000 ALTER TABLE `ylrc_account` ENABLE KEYS */;
UNLOCK TABLES;

--
-- Table structure for table `ylrc_account_group`
--

DROP TABLE IF EXISTS `ylrc_account_group`;
/*!40101 SET @saved_cs_client     = @@character_set_client */;
/*!40101 SET character_set_client = utf8 */;
CREATE TABLE `ylrc_account_group` (
  `id` bigint(20) NOT NULL AUTO_INCREMENT,
  `create_time` datetime NOT NULL,
  `update_time` datetime NOT NULL,
  `info` varchar(256) DEFAULT NULL,
  `name` varchar(18) DEFAULT NULL,
  `picture` varchar(32) DEFAULT NULL,
  `cur_people` int(11) NOT NULL,
  `max_people` int(11) NOT NULL,
  `min_people` int(11) NOT NULL,
  `notice` varchar(256) DEFAULT NULL,
  `admin_id` bigint(20) DEFAULT NULL,
  PRIMARY KEY (`id`),
  KEY `FKdt9w9af1lu2q1tr080w5s78mt` (`admin_id`),
  CONSTRAINT `FKdt9w9af1lu2q1tr080w5s78mt` FOREIGN KEY (`admin_id`) REFERENCES `ylrc_account` (`id`)
) ENGINE=InnoDB AUTO_INCREMENT=5 DEFAULT CHARSET=utf8;
/*!40101 SET character_set_client = @saved_cs_client */;

--
-- Dumping data for table `ylrc_account_group`
--

LOCK TABLES `ylrc_account_group` WRITE;
/*!40000 ALTER TABLE `ylrc_account_group` DISABLE KEYS */;
INSERT INTO `ylrc_account_group` VALUES (4,'2020-07-21 22:55:37','2020-08-16 00:01:20','这里是猿来入此交流群，大家踊跃发言！','猿来入此交流群','20200722/1595430448489.jpg',10,65535,2,'今天下午下班后开个短会，请大家不要着急回家，开完会了再走！',1);
/*!40000 ALTER TABLE `ylrc_account_group` ENABLE KEYS */;
UNLOCK TABLES;

--
-- Table structure for table `ylrc_account_group_member`
--

DROP TABLE IF EXISTS `ylrc_account_group_member`;
/*!40101 SET @saved_cs_client     = @@character_set_client */;
/*!40101 SET character_set_client = utf8 */;
CREATE TABLE `ylrc_account_group_member` (
  `id` bigint(20) NOT NULL AUTO_INCREMENT,
  `create_time` datetime NOT NULL,
  `update_time` datetime NOT NULL,
  `msg_status` int(11) DEFAULT NULL,
  `nickname` varchar(32) DEFAULT NULL,
  `account_group_id` bigint(20) DEFAULT NULL,
  `member_id` bigint(20) DEFAULT NULL,
  PRIMARY KEY (`id`),
  KEY `FKmycyncamy6b3gfme7s694mban` (`account_group_id`),
  KEY `FKqryb35bh5jt8d9uhd8d46x9pa` (`member_id`),
  CONSTRAINT `FKmycyncamy6b3gfme7s694mban` FOREIGN KEY (`account_group_id`) REFERENCES `ylrc_account_group` (`id`),
  CONSTRAINT `FKqryb35bh5jt8d9uhd8d46x9pa` FOREIGN KEY (`member_id`) REFERENCES `ylrc_account` (`id`)
) ENGINE=InnoDB AUTO_INCREMENT=34 DEFAULT CHARSET=utf8;
/*!40101 SET character_set_client = @saved_cs_client */;

--
-- Dumping data for table `ylrc_account_group_member`
--

LOCK TABLES `ylrc_account_group_member` WRITE;
/*!40000 ALTER TABLE `ylrc_account_group_member` DISABLE KEYS */;
INSERT INTO `ylrc_account_group_member` VALUES (15,'2020-07-21 22:55:37','2020-08-05 21:45:22',1,'猿来入此CEO',4,1),(20,'2020-07-23 22:04:24','2020-07-23 22:04:24',1,'慢慢来会比较快',4,4),(21,'2020-07-23 22:04:24','2020-07-23 22:04:24',1,'舍我其谁',4,5),(22,'2020-07-23 22:04:24','2020-07-23 22:04:24',1,'秦时明月',4,6),(23,'2020-07-23 22:04:24','2020-07-23 22:04:24',1,'雄霸天下',4,7),(24,'2020-07-23 22:04:24','2020-07-23 22:04:24',1,'天下霸唱',4,8),(26,'2020-07-23 22:04:31','2020-07-23 22:04:31',1,'小张同学',4,3),(29,'2020-08-05 21:01:04','2020-08-05 21:01:04',1,'小明同学',4,2),(30,'2020-08-15 23:39:08','2020-08-15 23:39:08',1,'朱波蕊蕊',4,9),(33,'2020-08-16 00:01:20','2020-08-16 00:01:20',1,'无影无踪',4,10);
/*!40000 ALTER TABLE `ylrc_account_group_member` ENABLE KEYS */;
UNLOCK TABLES;

--
-- Table structure for table `ylrc_database_bak`
--

DROP TABLE IF EXISTS `ylrc_database_bak`;
/*!40101 SET @saved_cs_client     = @@character_set_client */;
/*!40101 SET character_set_client = utf8 */;
CREATE TABLE `ylrc_database_bak` (
  `id` bigint(20) NOT NULL AUTO_INCREMENT,
  `create_time` datetime NOT NULL,
  `update_time` datetime NOT NULL,
  `filename` varchar(32) NOT NULL,
  `filepath` varchar(128) NOT NULL,
  PRIMARY KEY (`id`)
) ENGINE=InnoDB AUTO_INCREMENT=34 DEFAULT CHARSET=utf8;
/*!40101 SET character_set_client = @saved_cs_client */;

--
-- Dumping data for table `ylrc_database_bak`
--

LOCK TABLES `ylrc_database_bak` WRITE;
/*!40000 ALTER TABLE `ylrc_database_bak` DISABLE KEYS */;
INSERT INTO `ylrc_database_bak` VALUES (10,'2020-03-22 19:36:47','2020-03-22 19:36:47','db_boot_base_20200322193647.sql','D:/workspace_devloper/baseproject/base/src/main/resources/backup/'),(11,'2020-03-22 19:37:54','2020-03-22 19:37:54','db_boot_base_20200322193754.sql','D:/workspace_devloper/baseproject/base/src/main/resources/backup/'),(12,'2020-03-22 19:40:04','2020-03-22 19:40:04','db_boot_base_20200322194004.sql','D:/workspace_devloper/baseproject/base/src/main/resources/backup/'),(14,'2020-03-22 19:40:14','2020-03-22 19:40:14','db_boot_base_20200322194014.sql','D:/workspace_devloper/baseproject/base/src/main/resources/backup/'),(15,'2020-03-22 19:40:19','2020-03-22 19:40:19','db_boot_base_20200322194019.sql','D:/workspace_devloper/baseproject/base/src/main/resources/backup/'),(17,'2020-03-22 19:43:34','2020-03-22 19:43:34','db_boot_base_20200322194334.sql','D:/workspace_devloper/baseproject/base/src/main/resources/backup/'),(18,'2020-03-22 19:43:39','2020-03-22 19:43:39','db_boot_base_20200322194339.sql','D:/workspace_devloper/baseproject/base/src/main/resources/backup/'),(20,'2020-03-22 19:43:49','2020-03-22 19:43:49','db_boot_base_20200322194349.sql','D:/workspace_devloper/baseproject/base/src/main/resources/backup/'),(21,'2020-03-22 19:43:54','2020-03-22 19:43:54','db_boot_base_20200322194354.sql','D:/workspace_devloper/baseproject/base/src/main/resources/backup/'),(22,'2020-03-22 19:43:59','2020-03-22 19:43:59','db_boot_base_20200322194359.sql','D:/workspace_devloper/baseproject/base/src/main/resources/backup/'),(23,'2020-03-22 19:44:04','2020-03-22 19:44:04','db_boot_base_20200322194404.sql','D:/workspace_devloper/baseproject/base/src/main/resources/backup/'),(24,'2020-03-22 19:44:09','2020-03-22 19:44:09','db_boot_base_20200322194409.sql','D:/workspace_devloper/baseproject/base/src/main/resources/backup/'),(25,'2020-03-22 19:44:14','2020-03-22 19:44:14','db_boot_base_20200322194414.sql','D:/workspace_devloper/baseproject/base/src/main/resources/backup/'),(26,'2020-03-22 19:44:19','2020-03-22 19:44:19','db_boot_base_20200322194419.sql','D:/workspace_devloper/baseproject/base/src/main/resources/backup/'),(27,'2020-03-22 19:44:24','2020-03-22 19:44:24','db_boot_base_20200322194424.sql','D:/workspace_devloper/baseproject/base/src/main/resources/backup/'),(28,'2020-03-22 19:44:29','2020-03-22 19:44:29','db_boot_base_20200322194429.sql','D:/workspace_devloper/baseproject/base/src/main/resources/backup/'),(29,'2020-03-22 19:44:34','2020-03-22 19:44:34','db_boot_base_20200322194434.sql','D:/workspace_devloper/baseproject/base/src/main/resources/backup/'),(30,'2020-03-22 19:44:39','2020-03-22 19:44:39','db_boot_base_20200322194439.sql','D:/workspace_devloper/baseproject/base/src/main/resources/backup/'),(31,'2020-03-23 17:46:49','2020-03-23 17:46:49','db_boot_base_20200323174649.sql','D:/workspace_devloper/baseproject/base/src/main/resources/backup/'),(32,'2020-07-12 01:00:00','2020-07-12 01:00:00','db_chatonline_20200712010000.sql','E:/workspace-test/chatonline/src/main/resources/backup/'),(33,'2020-08-16 01:00:00','2020-08-16 01:00:00','db_chatonline_20200816010000.sql','E:/workspace-test/chatonline/src/main/resources/backup/');
/*!40000 ALTER TABLE `ylrc_database_bak` ENABLE KEYS */;
UNLOCK TABLES;

--
-- Table structure for table `ylrc_friend`
--

DROP TABLE IF EXISTS `ylrc_friend`;
/*!40101 SET @saved_cs_client     = @@character_set_client */;
/*!40101 SET character_set_client = utf8 */;
CREATE TABLE `ylrc_friend` (
  `id` bigint(20) NOT NULL AUTO_INCREMENT,
  `create_time` datetime NOT NULL,
  `update_time` datetime NOT NULL,
  `msg_status` int(11) DEFAULT NULL,
  `remark` varchar(32) DEFAULT NULL,
  `status` int(11) DEFAULT NULL,
  `account_id` bigint(20) DEFAULT NULL,
  `friend_account_id` bigint(20) DEFAULT NULL,
  PRIMARY KEY (`id`),
  KEY `FKcrcuhy1ifelusa18ajbuptv00` (`account_id`),
  KEY `FKgg73y8195r0ohj3pxfx6m2ahf` (`friend_account_id`),
  CONSTRAINT `FKcrcuhy1ifelusa18ajbuptv00` FOREIGN KEY (`account_id`) REFERENCES `ylrc_account` (`id`),
  CONSTRAINT `FKgg73y8195r0ohj3pxfx6m2ahf` FOREIGN KEY (`friend_account_id`) REFERENCES `ylrc_account` (`id`)
) ENGINE=InnoDB AUTO_INCREMENT=55 DEFAULT CHARSET=utf8;
/*!40101 SET character_set_client = @saved_cs_client */;

--
-- Dumping data for table `ylrc_friend`
--

LOCK TABLES `ylrc_friend` WRITE;
/*!40000 ALTER TABLE `ylrc_friend` DISABLE KEYS */;
INSERT INTO `ylrc_friend` VALUES (37,'2020-07-15 16:36:52','2020-07-15 16:36:52',1,'猿来入此',1,2,1),(38,'2020-07-15 16:36:52','2020-07-16 12:12:48',1,'张慧敏',1,1,2),(39,'2020-07-15 16:43:54','2020-07-15 16:43:54',1,'猿来入此',1,3,1),(40,'2020-07-15 16:43:54','2020-07-15 17:22:08',1,'张晓敏',1,1,3),(41,'2020-07-15 17:04:55','2020-07-15 17:04:55',1,'猿来入此',1,4,1),(42,'2020-07-15 17:04:55','2020-08-05 21:45:18',1,'Dr.X++ ',1,1,4),(43,'2020-07-15 17:07:16','2020-07-15 17:07:16',1,'猿来入此',1,5,1),(44,'2020-07-15 17:07:17','2020-07-15 17:07:17',1,'舍我其谁',1,1,5),(45,'2020-07-15 17:07:57','2020-07-15 17:07:57',1,'猿来入此',1,6,1),(46,'2020-07-15 17:07:57','2020-07-20 20:52:24',1,'秦时明月',1,1,6),(47,'2020-07-15 17:08:18','2020-07-15 17:08:18',1,'猿来入此',1,7,1),(48,'2020-07-15 17:08:18','2020-07-15 17:13:23',1,'张大伯',1,1,7),(49,'2020-07-15 17:12:40','2020-07-22 23:07:38',1,'天下霸唱',1,1,8),(50,'2020-07-15 17:12:40','2020-07-15 17:12:40',1,'猿来入此',1,8,1),(51,'2020-07-29 21:35:31','2020-07-29 21:45:07',0,'猿来入此',1,9,1),(52,'2020-07-29 21:35:31','2020-07-29 21:35:31',1,'朱波蕊蕊',1,1,9),(53,'2020-08-15 15:14:30','2020-08-15 15:14:30',1,'无影无踪',1,1,10),(54,'2020-08-15 15:14:30','2020-08-15 15:14:30',1,'猿来入此',1,10,1);
/*!40000 ALTER TABLE `ylrc_friend` ENABLE KEYS */;
UNLOCK TABLES;

--
-- Table structure for table `ylrc_friend_request`
--

DROP TABLE IF EXISTS `ylrc_friend_request`;
/*!40101 SET @saved_cs_client     = @@character_set_client */;
/*!40101 SET character_set_client = utf8 */;
CREATE TABLE `ylrc_friend_request` (
  `id` bigint(20) NOT NULL AUTO_INCREMENT,
  `create_time` datetime NOT NULL,
  `update_time` datetime NOT NULL,
  `remark` varchar(32) DEFAULT NULL,
  `status` int(11) DEFAULT NULL,
  `reciever_account_id` bigint(20) DEFAULT NULL,
  `sender_account_id` bigint(20) DEFAULT NULL,
  PRIMARY KEY (`id`),
  KEY `FK1rfhidhsjxpcvssa531fewjho` (`reciever_account_id`),
  KEY `FK1bh5uj16p7s7c5nus7xjedntx` (`sender_account_id`),
  CONSTRAINT `FK1bh5uj16p7s7c5nus7xjedntx` FOREIGN KEY (`sender_account_id`) REFERENCES `ylrc_account` (`id`),
  CONSTRAINT `FK1rfhidhsjxpcvssa531fewjho` FOREIGN KEY (`reciever_account_id`) REFERENCES `ylrc_account` (`id`)
) ENGINE=InnoDB AUTO_INCREMENT=34 DEFAULT CHARSET=utf8;
/*!40101 SET character_set_client = @saved_cs_client */;

--
-- Dumping data for table `ylrc_friend_request`
--

LOCK TABLES `ylrc_friend_request` WRITE;
/*!40000 ALTER TABLE `ylrc_friend_request` DISABLE KEYS */;
INSERT INTO `ylrc_friend_request` VALUES (24,'2020-07-15 16:33:08','2020-07-15 16:36:52','你好呀！',1,2,1),(25,'2020-07-15 16:33:08','2020-07-15 16:43:54','你好呀！',1,3,1),(26,'2020-07-15 16:33:40','2020-07-15 17:04:55','hi',1,4,1),(27,'2020-07-15 16:34:31','2020-07-15 17:07:17','哈喽！我是新来的同事叫郭美美，非常sex的那种，你喜欢吗？',1,5,1),(28,'2020-07-15 16:34:31','2020-07-15 17:07:57','哈喽！我是新来的同事叫郭美美，非常sex的那种，你喜欢吗？',1,6,1),(29,'2020-07-15 16:34:31','2020-07-15 17:08:18','哈喽！我是新来的同事叫郭美美，非常sex的那种，你喜欢吗？',1,7,1),(30,'2020-07-15 16:34:31','2020-07-15 17:08:37','哈喽！我是新来的同事叫郭美美，非常sex的那种，你喜欢吗？',-1,8,1),(31,'2020-07-15 17:08:51','2020-07-15 17:12:40','你好',1,1,8),(32,'2020-07-29 21:35:21','2020-07-29 21:35:31','我是蕊蕊',1,9,1),(33,'2020-08-15 15:12:45','2020-08-15 15:14:30','你好，我是无影无踪派掌门。',1,1,10);
/*!40000 ALTER TABLE `ylrc_friend_request` ENABLE KEYS */;
UNLOCK TABLES;

--
-- Table structure for table `ylrc_menu`
--

DROP TABLE IF EXISTS `ylrc_menu`;
/*!40101 SET @saved_cs_client     = @@character_set_client */;
/*!40101 SET character_set_client = utf8 */;
CREATE TABLE `ylrc_menu` (
  `id` bigint(20) NOT NULL AUTO_INCREMENT,
  `create_time` datetime NOT NULL,
  `update_time` datetime NOT NULL,
  `name` varchar(18) NOT NULL,
  `url` varchar(128) DEFAULT NULL,
  `icon` varchar(32) DEFAULT NULL,
  `sort` int(11) NOT NULL,
  `parent_id` bigint(20) DEFAULT NULL,
  `is_bitton` bit(1) NOT NULL,
  `is_show` bit(1) NOT NULL,
  PRIMARY KEY (`id`),
  KEY `FKsbtnjocfrq29e8taxdwo21gic` (`parent_id`),
  CONSTRAINT `FKsbtnjocfrq29e8taxdwo21gic` FOREIGN KEY (`parent_id`) REFERENCES `ylrc_menu` (`id`)
) ENGINE=InnoDB AUTO_INCREMENT=27 DEFAULT CHARSET=utf8;
/*!40101 SET character_set_client = @saved_cs_client */;

--
-- Dumping data for table `ylrc_menu`
--

LOCK TABLES `ylrc_menu` WRITE;
/*!40000 ALTER TABLE `ylrc_menu` DISABLE KEYS */;
INSERT INTO `ylrc_menu` VALUES (2,'2020-03-14 14:26:03','2020-03-14 18:24:53','系统设置','','mdi-settings',0,NULL,'\0',''),(3,'2020-03-14 16:58:55','2020-07-11 11:33:39','菜单管理','/admin/menu/list','mdi-view-list',1,2,'\0',''),(5,'2020-03-14 17:04:44','2020-07-11 11:34:19','新增','/admin/menu/add','mdi-plus',2,3,'\0',''),(7,'2020-03-14 17:07:43','2020-03-15 12:11:25','角色管理','/admin/role/list','mdi-account-settings-variant',5,2,'\0',''),(8,'2020-03-14 18:28:48','2020-07-11 11:34:30','编辑','edit(\'/admin/menu/edit\')','mdi-grease-pencil',3,3,'',''),(9,'2020-03-14 18:30:00','2020-03-21 22:08:20','删除','del(\'/admin/menu/delete\')','mdi-close',4,3,'',''),(10,'2020-03-15 12:12:00','2020-03-15 12:12:00','添加','/admin/role/add','mdi-account-plus',6,7,'\0',''),(11,'2020-03-15 12:12:36','2020-03-21 22:10:45','编辑','edit(\'/admin/role/edit\')','mdi-account-edit',7,7,'',''),(12,'2020-03-15 12:13:19','2020-03-21 22:15:27','删除','del(\'/admin/role/delete\')','mdi-account-remove',8,7,'',''),(13,'2020-03-15 12:14:52','2020-03-15 12:17:00','用户管理','/admin/user/list','mdi-account-multiple',9,2,'\0',''),(14,'2020-03-15 12:15:22','2020-03-15 12:17:27','添加','/admin/user/add','mdi-account-plus',10,13,'\0',''),(15,'2020-03-16 17:18:14','2020-03-21 22:11:19','编辑','edit(\'/admin/user/edit\')','mdi-account-edit',11,13,'',''),(16,'2020-03-16 17:19:01','2020-03-21 22:15:36','删除','del(\'/admin/user/delete\')','mdi-account-remove',12,13,'',''),(19,'2020-03-22 11:24:36','2020-03-22 11:26:00','上传图片','/upload/upload_photo','mdi-arrow-up-bold-circle',0,13,'\0','\0'),(20,'2020-03-22 14:09:35','2020-03-22 14:09:47','日志管理','/system/operator_log_list','mdi-tag-multiple',13,2,'\0',''),(21,'2020-03-22 14:11:39','2020-03-22 14:11:39','删除','del(\'/system/delete_operator_log\')','mdi-tag-remove',14,20,'',''),(22,'2020-03-22 14:12:57','2020-03-22 14:46:55','清空日志','delAll(\'/system/delete_all_operator_log\')','mdi-delete-circle',15,20,'',''),(23,'2020-03-22 14:46:40','2020-03-22 14:47:09','数据备份','/admin/database_bak/list','mdi-database',16,2,'\0',''),(24,'2020-03-22 14:48:07','2020-03-22 15:13:41','备份','add(\'/admin/database_bak/add\')','mdi-database-plus',17,23,'',''),(25,'2020-03-22 14:49:03','2020-03-22 14:49:03','删除','del(\'/admin/database_bak/delete\')','mdi-database-minus',18,23,'',''),(26,'2020-03-22 19:36:20','2020-03-22 19:36:20','还原','restore(\'/admin/database_bak/restore\')','mdi-database-minus',19,23,'','');
/*!40000 ALTER TABLE `ylrc_menu` ENABLE KEYS */;
UNLOCK TABLES;

--
-- Table structure for table `ylrc_msg_content`
--

DROP TABLE IF EXISTS `ylrc_msg_content`;
/*!40101 SET @saved_cs_client     = @@character_set_client */;
/*!40101 SET character_set_client = utf8 */;
CREATE TABLE `ylrc_msg_content` (
  `id` bigint(20) NOT NULL AUTO_INCREMENT,
  `create_time` datetime NOT NULL,
  `update_time` datetime NOT NULL,
  `attach_size` bigint(20) DEFAULT NULL,
  `attach_url` varchar(512) DEFAULT NULL,
  `chat_type` varchar(12) DEFAULT NULL,
  `ext_attr` varchar(1280) DEFAULT NULL,
  `from_id` bigint(20) NOT NULL,
  `content` varchar(10240) DEFAULT NULL,
  `msg_type` varchar(12) DEFAULT NULL,
  `to_id` bigint(20) NOT NULL,
  PRIMARY KEY (`id`)
) ENGINE=InnoDB AUTO_INCREMENT=154 DEFAULT CHARSET=utf8;
/*!40101 SET character_set_client = @saved_cs_client */;

--
-- Dumping data for table `ylrc_msg_content`
--

LOCK TABLES `ylrc_msg_content` WRITE;
/*!40000 ALTER TABLE `ylrc_msg_content` DISABLE KEYS */;
INSERT INTO `ylrc_msg_content` VALUES (27,'2020-08-05 20:51:26','2020-08-05 20:51:26',0,NULL,'single','猿来入此;20200729/1596027199536.png',37,'你好','text',2),(28,'2020-08-05 20:51:29','2020-08-05 20:51:29',0,NULL,'single','猿来入此;20200729/1596027199536.png',37,'小明','text',2),(29,'2020-08-05 20:51:40','2020-08-05 20:51:40',0,NULL,'group','猿来入此CEO;20200729/1596027199536.png',1,'大家都在吗？','text',4),(30,'2020-08-05 20:51:47','2020-08-05 20:51:47',0,NULL,'group','猿来入此CEO;20200729/1596027199536.png',1,'在忙什么呢？','text',4),(31,'2020-08-05 20:52:10','2020-08-05 20:52:10',0,NULL,'single','张慧敏;20200712/1594485068661.jpg',38,'你好','text',1),(32,'2020-08-05 20:52:12','2020-08-05 20:52:12',0,NULL,'single','张慧敏;20200712/1594485068661.jpg',38,'CEO','text',1),(33,'2020-08-05 20:52:30','2020-08-05 20:52:30',0,NULL,'group','猿来入此CEO;20200729/1596027199536.png',1,'没人吗？','text',4),(34,'2020-08-05 20:52:40','2020-08-05 20:52:40',0,NULL,'single','猿来入此;20200729/1596027199536.png',37,'嗯嗯','text',2),(35,'2020-08-05 20:52:44','2020-08-05 20:52:44',0,NULL,'single','猿来入此;20200729/1596027199536.png',37,'你来了呀','text',2),(36,'2020-08-05 20:52:47','2020-08-05 20:52:47',0,NULL,'single','张慧敏;20200712/1594485068661.jpg',38,'恩','text',1),(37,'2020-08-05 20:52:48','2020-08-05 20:52:48',0,NULL,'single','张慧敏;20200712/1594485068661.jpg',38,'对的','text',1),(38,'2020-08-05 20:52:54','2020-08-05 20:52:54',0,NULL,'group','小明同学;20200712/1594485068661.jpg',2,'有的','text',4),(39,'2020-08-05 20:52:56','2020-08-05 20:52:56',0,NULL,'group','小明同学;20200712/1594485068661.jpg',2,'我在了','text',4),(40,'2020-08-05 20:53:14','2020-08-05 20:53:14',0,'20200805/1596631994443.png','group','小明同学;20200712/1594485068661.jpg',2,'[图片]nc_nav.png','img',4),(41,'2020-08-05 20:53:38','2020-08-05 20:53:38',0,'20200805/1596632018094.mp3','group','猿来入此CEO;20200729/1596027199536.png',1,'audio.mp3','audio',4),(42,'2020-08-05 20:54:32','2020-08-05 20:54:32',0,NULL,'group','慢慢来会比较快;20200712/1594530373511.png',4,'哎呀','text',4),(43,'2020-08-05 20:54:36','2020-08-05 20:54:36',0,NULL,'group','慢慢来会比较快;20200712/1594530373511.png',4,'我一会会不在','text',4),(44,'2020-08-05 20:54:42','2020-08-05 20:54:42',0,NULL,'group','慢慢来会比较快;20200712/1594530373511.png',4,'你们都聊了这么多了','text',4),(45,'2020-08-05 20:54:53','2020-08-05 20:54:53',0,NULL,'group','小明同学;20200712/1594485068661.jpg',2,'哈哈','text',4),(46,'2020-08-05 20:55:07','2020-08-05 20:55:07',0,NULL,'single','Dr.X++ ;20200712/1594530373511.png',42,'老板','text',1),(47,'2020-08-05 20:55:09','2020-08-05 20:55:09',0,NULL,'single','Dr.X++ ;20200712/1594530373511.png',42,'在吗','text',1),(48,'2020-08-05 20:55:14','2020-08-05 20:55:14',0,NULL,'single','猿来入此;20200729/1596027199536.png',41,'恩','text',4),(49,'2020-08-05 20:55:15','2020-08-05 20:55:15',0,NULL,'single','猿来入此;20200729/1596027199536.png',41,'在的','text',4),(50,'2020-08-05 20:56:46','2020-08-05 20:56:46',0,NULL,'single','Dr.X++ ;20200712/1594530373511.png',42,'你这是','text',1),(51,'2020-08-05 20:59:08','2020-08-05 20:59:08',0,NULL,'single','猿来入此;20200729/1596027199536.png',41,'哎','text',4),(52,'2020-08-05 20:59:20','2020-08-05 20:59:20',0,NULL,'group','小明同学;20200712/1594485068661.jpg',2,'都好了','text',4),(53,'2020-08-05 21:00:23','2020-08-05 21:00:23',0,NULL,'group','猿来入此CEO;20200729/1596027199536.png',1,'移除了','text',4),(54,'2020-08-05 21:00:50','2020-08-05 21:00:50',0,NULL,'group','慢慢来会比较快;20200712/1594530373511.png',4,'恩 看到了','text',4),(55,'2020-08-05 21:01:13','2020-08-05 21:01:13',0,NULL,'group','猿来入此CEO;20200729/1596027199536.png',1,'又拉进去了','text',4),(56,'2020-08-05 21:10:31','2020-08-05 21:10:31',0,NULL,'group','慢慢来会比较快;20200712/1594530373511.png',4,'在','text',4),(57,'2020-08-05 21:10:52','2020-08-05 21:10:52',0,NULL,'group','小明同学;20200712/1594485068661.jpg',2,'号','text',4),(58,'2020-08-05 21:11:27','2020-08-05 21:11:27',0,NULL,'group','小明同学;20200712/1594485068661.jpg',2,'这次呢','text',4),(59,'2020-08-05 21:11:36','2020-08-05 21:11:36',0,NULL,'group','慢慢来会比较快;20200712/1594530373511.png',4,'这次ok的','text',4),(60,'2020-08-05 21:11:44','2020-08-05 21:11:44',0,NULL,'group','猿来入此CEO;20200729/1596027199536.png',1,'那就好','text',4),(61,'2020-08-05 21:11:48','2020-08-05 21:11:48',0,NULL,'group','猿来入此CEO;20200729/1596027199536.png',1,'给你们看个美女','text',4),(62,'2020-08-05 21:12:50','2020-08-05 21:12:50',0,'20200805/1596633170422.jpg','group','慢慢来会比较快;20200712/1594530373511.png',4,'[图片]lisa.jpg','img',4),(63,'2020-08-05 21:13:15','2020-08-05 21:13:15',0,NULL,'group','小明同学;20200712/1594485068661.jpg',2,'好漂亮啊','text',4),(64,'2020-08-05 21:26:18','2020-08-05 21:26:18',0,NULL,'single','Dr.X++ ;20200712/1594530373511.png',42,'咋了','text',1),(65,'2020-08-05 21:31:26','2020-08-05 21:31:26',0,NULL,'group','猿来入此CEO;20200729/1596027199536.png',1,'heihei','text',4),(66,'2020-08-05 21:31:35','2020-08-05 21:31:35',0,NULL,'single','Dr.X++ ;20200712/1594530373511.png',42,'消息','text',1),(67,'2020-08-05 21:31:51','2020-08-05 21:31:51',0,NULL,'single','Dr.X++ ;20200712/1594530373511.png',42,'免打扰','text',1),(68,'2020-08-05 21:33:19','2020-08-05 21:33:19',0,NULL,'single','Dr.X++ ;20200712/1594530373511.png',42,'现在呢','text',1),(69,'2020-08-05 21:33:55','2020-08-05 21:33:55',0,NULL,'single','Dr.X++ ;20200712/1594530373511.png',42,'再来一次','text',1),(70,'2020-08-05 21:34:24','2020-08-05 21:34:24',0,NULL,'single','猿来入此;20200729/1596027199536.png',41,'6','text',4),(71,'2020-08-05 21:34:28','2020-08-05 21:34:28',0,NULL,'single','Dr.X++ ;20200712/1594530373511.png',42,'9','text',1),(72,'2020-08-05 21:34:38','2020-08-05 21:34:38',0,NULL,'single','猿来入此;20200729/1596027199536.png',41,'2','text',4),(73,'2020-08-05 21:34:42','2020-08-05 21:34:42',0,NULL,'single','Dr.X++ ;20200712/1594530373511.png',42,'8','text',1),(74,'2020-08-05 21:34:48','2020-08-05 21:34:48',0,NULL,'single','Dr.X++ ;20200712/1594530373511.png',42,'0','text',1),(75,'2020-08-05 21:35:04','2020-08-05 21:35:04',0,NULL,'single','猿来入此;20200729/1596027199536.png',41,'3','text',4),(76,'2020-08-05 21:35:10','2020-08-05 21:35:10',0,NULL,'group','慢慢来会比较快;20200712/1594530373511.png',4,'21','text',4),(77,'2020-08-05 21:36:01','2020-08-05 21:36:01',0,NULL,'group','慢慢来会比较快;20200712/1594530373511.png',4,'6','text',4),(78,'2020-08-05 21:38:44','2020-08-05 21:38:44',0,NULL,'group','慢慢来会比较快;20200712/1594530373511.png',4,'666','text',4),(79,'2020-08-05 21:39:42','2020-08-05 21:39:42',0,NULL,'group','小明同学;20200712/1594485068661.jpg',2,'我来','text',4),(80,'2020-08-05 21:41:18','2020-08-05 21:41:18',0,NULL,'group','慢慢来会比较快;20200712/1594530373511.png',4,'我来哦','text',4),(81,'2020-08-05 21:41:26','2020-08-05 21:41:26',0,NULL,'group','小明同学;20200712/1594485068661.jpg',2,'恩','text',4),(82,'2020-08-05 21:42:28','2020-08-05 21:42:28',0,NULL,'group','慢慢来会比较快;20200712/1594530373511.png',4,'响几声？','text',4),(83,'2020-08-05 21:42:42','2020-08-05 21:42:42',0,NULL,'group','小明同学;20200712/1594485068661.jpg',2,'一声','text',4),(84,'2020-08-05 21:44:39','2020-08-05 21:44:39',0,NULL,'group','慢慢来会比较快;20200712/1594530373511.png',4,'来了','text',4),(85,'2020-08-05 21:44:50','2020-08-05 21:44:50',0,NULL,'group','小明同学;20200712/1594485068661.jpg',2,'恩','text',4),(86,'2020-08-05 21:45:05','2020-08-05 21:45:05',0,NULL,'single','Dr.X++ ;20200712/1594530373511.png',42,'哈哈','text',1),(87,'2020-08-05 21:45:10','2020-08-05 21:45:10',0,NULL,'single','Dr.X++ ;20200712/1594530373511.png',42,'78 ','text',1),(88,'2020-08-05 21:45:11','2020-08-05 21:45:11',0,NULL,'single','Dr.X++ ;20200712/1594530373511.png',42,'撒','text',1),(89,'2020-08-05 21:45:35','2020-08-05 21:45:35',0,NULL,'group','慢慢来会比较快;20200712/1594530373511.png',4,' 好了','text',4),(90,'2020-08-05 21:49:01','2020-08-05 21:49:01',0,NULL,'group','猿来入此CEO;20200729/1596027199536.png',1,'didi','text',4),(91,'2020-08-05 21:49:15','2020-08-05 21:49:15',0,NULL,'group','慢慢来会比较快;20200712/1594530373511.png',4,'你还早呢','text',4),(92,'2020-08-05 21:49:22','2020-08-05 21:49:22',0,NULL,'group','猿来入此CEO;20200729/1596027199536.png',1,'hhh','text',4),(93,'2020-08-05 21:49:42','2020-08-05 21:49:42',0,NULL,'single','张慧敏;20200712/1594485068661.jpg',38,'恩','text',1),(94,'2020-08-05 21:50:21','2020-08-05 21:50:21',0,NULL,'single','猿来入此;20200729/1596027199536.png',37,'sha','text',2),(95,'2020-08-05 21:50:34','2020-08-05 21:50:34',0,NULL,'group','猿来入此CEO;20200729/1596027199536.png',1,'你们这群比','text',4),(96,'2020-08-05 21:50:35','2020-08-05 21:50:35',0,NULL,'group','猿来入此CEO;20200729/1596027199536.png',1,'哈哈哈','text',4),(97,'2020-08-05 21:50:37','2020-08-05 21:50:37',0,NULL,'group','猿来入此CEO;20200729/1596027199536.png',1,'真的是','text',4),(98,'2020-08-05 21:50:52','2020-08-05 21:50:52',0,NULL,'group','猿来入此CEO;20200729/1596027199536.png',1,'撒都不知','text',4),(99,'2020-08-15 15:15:03','2020-08-15 15:15:03',0,NULL,'single','猿来入此;20200729/1596027199536.png',54,'你好','text',10),(100,'2020-08-15 15:15:11','2020-08-15 15:15:11',0,NULL,'single','猿来入此;20200729/1596027199536.png',54,'在下霍元甲','text',10),(101,'2020-08-15 15:16:53','2020-08-15 15:16:53',0,NULL,'single','无影无踪;20200815/1597475651573.jpg',53,'你好','text',1),(102,'2020-08-15 15:17:07','2020-08-15 15:17:07',0,NULL,'single','猿来入此;20200729/1596027199536.png',54,'阁下是？','text',10),(103,'2020-08-15 15:17:14','2020-08-15 15:17:14',0,'20200815/1597475834412.jpg','single','无影无踪;20200815/1597475651573.jpg',53,'[图片]timg.jpg','img',1),(104,'2020-08-15 15:17:21','2020-08-15 15:17:21',0,NULL,'single','无影无踪;20200815/1597475651573.jpg',53,'这是当年的我','text',1),(105,'2020-08-15 15:17:25','2020-08-15 15:17:25',0,NULL,'single','无影无踪;20200815/1597475651573.jpg',53,'英俊无敌','text',1),(106,'2020-08-15 15:17:43','2020-08-15 15:17:43',0,NULL,'single','猿来入此;20200729/1596027199536.png',54,'果然如此','text',10),(107,'2020-08-15 15:17:47','2020-08-15 15:17:47',0,NULL,'single','猿来入此;20200729/1596027199536.png',54,'百闻不如一见','text',10),(108,'2020-08-15 15:39:29','2020-08-15 15:39:29',0,NULL,'group','猿来入此CEO;20200729/1596027199536.png',1,'真的是','text',4),(109,'2020-08-15 15:39:44','2020-08-15 15:39:44',0,NULL,'single','猿来入此;20200729/1596027199536.png',54,'真的是','text',10),(110,'2020-08-15 16:50:13','2020-08-15 16:50:13',0,NULL,'group','猿来入此CEO;20200729/1596027199536.png',1,'<img class=\"emoji_icon\" src=\"/home/css/emoji/1.png\">','text',4),(111,'2020-08-15 17:17:52','2020-08-15 17:17:52',0,NULL,'single','猿来入此;20200729/1596027199536.png',54,'<img class=\"emoji_icon\" src=\"/home/css/emoji/1.png\">','text',10),(112,'2020-08-15 17:39:09','2020-08-15 17:39:09',0,NULL,'single','猿来入此;20200729/1596027199536.png',54,'<img class=\"emoji_icon\" src=\"/home/css/emoji/10.png\">','text',10),(113,'2020-08-15 17:39:42','2020-08-15 17:39:42',0,'20200815/1597484382035.jpg','single','无影无踪;20200815/1597475651573.jpg',53,'[图片]lisa.jpg','img',1),(114,'2020-08-15 18:07:27','2020-08-15 18:07:27',0,NULL,'group','猿来入此CEO;20200729/1596027199536.png',1,'<img class=\"emoji_icon\" src=\"/home/css/tieba/1.jpg\">','text',4),(115,'2020-08-15 18:07:51','2020-08-15 18:07:51',0,NULL,'single','猿来入此;20200729/1596027199536.png',54,'<img class=\"emoji_icon\" src=\"/home/css/tieba/2.jpg\">','text',10),(116,'2020-08-15 18:09:12','2020-08-15 18:09:12',0,NULL,'group','猿来入此CEO;20200729/1596027199536.png',1,'<img class=\"emoji_icon\" src=\"/home/css/qq/1.gif\">','text',4),(117,'2020-08-15 18:11:46','2020-08-15 18:11:46',0,NULL,'group','猿来入此CEO;20200729/1596027199536.png',1,'<img class=\"emoji_icon\" src=\"/home/css/qq/6.gif\">','text',4),(118,'2020-08-15 18:19:23','2020-08-15 18:19:23',0,NULL,'group','猿来入此CEO;20200729/1596027199536.png',1,'<img class=\"emoji_icon\" src=\"/home/css/qq/14.gif\">','text',4),(119,'2020-08-15 18:19:30','2020-08-15 18:19:30',0,NULL,'single','猿来入此;20200729/1596027199536.png',54,'<img class=\"emoji_icon\" src=\"/home/css/qq/24.gif\">','text',10),(120,'2020-08-15 18:20:16','2020-08-15 18:20:16',0,NULL,'single','无影无踪;20200815/1597475651573.jpg',53,'<img class=\"emoji_icon\" src=\"/home/css/qq/6.gif\">','text',1),(121,'2020-08-15 18:20:43','2020-08-15 18:20:43',0,NULL,'single','猿来入此;20200729/1596027199536.png',54,'我他妈要奔溃了<img class=\"emoji_icon\" src=\"/home/css/qq/6.gif\"><img class=\"emoji_icon\" src=\"/home/css/qq/6.gif\"><img class=\"emoji_icon\" src=\"/home/css/qq/6.gif\">','text',10),(122,'2020-08-15 18:23:50','2020-08-15 18:23:50',0,NULL,'single','猿来入此;20200729/1596027199536.png',54,'<img class=\"emoji_icon\" src=\"/home/css/qq/73.gif\">','text',10),(123,'2020-08-15 18:35:55','2020-08-15 18:35:55',0,NULL,'group','猿来入此CEO;20200729/1596027199536.png',1,'<img class=\"emoji_icon\" src=\"/home/css/qq/1.gif\">','text',4),(124,'2020-08-15 18:36:01','2020-08-15 18:36:01',0,NULL,'group','猿来入此CEO;20200729/1596027199536.png',1,'<img class=\"emoji_icon\" src=\"/home/css/tieba/4.jpg\">','text',4),(125,'2020-08-15 18:36:09','2020-08-15 18:36:09',0,NULL,'single','猿来入此;20200729/1596027199536.png',54,'<img class=\"emoji_icon\" src=\"/home/css/tieba/27.jpg\">','text',10),(126,'2020-08-15 18:36:22','2020-08-15 18:36:22',0,NULL,'single','猿来入此;20200729/1596027199536.png',54,'<img class=\"emoji_icon\" src=\"/home/css/emoji/1.png\">','text',10),(127,'2020-08-15 18:36:54','2020-08-15 18:36:54',0,NULL,'single','猿来入此;20200729/1596027199536.png',54,'<img class=\"emoji_icon\" src=\"/home/css/emoji/25.png\">','text',10),(128,'2020-08-15 18:37:39','2020-08-15 18:37:39',0,NULL,'single','猿来入此;20200729/1596027199536.png',54,'<img class=\"emoji_icon\" src=\"/home/css/emoji/1.png\" style=\"\n    width: 30px;\n\">','text',10),(129,'2020-08-15 18:38:57','2020-08-15 18:38:57',0,NULL,'group','猿来入此CEO;20200729/1596027199536.png',1,'<img class=\"emoji_icon\" src=\"/home/css/emoji/4.png\"><img class=\"emoji_icon\" src=\"/home/css/tieba/24.jpg\"><img class=\"emoji_icon\" src=\"/home/css/qq/14.gif\">','text',4),(130,'2020-08-15 18:39:15','2020-08-15 18:39:15',0,NULL,'single','猿来入此;20200729/1596027199536.png',54,'<img class=\"emoji_icon\" src=\"/home/css/emoji/5.png\">','text',10),(131,'2020-08-15 18:39:33','2020-08-15 18:39:33',0,NULL,'single','猿来入此;20200729/1596027199536.png',54,'<img class=\"emoji_icon\" src=\"/home/css/qq/32.gif\"><img class=\"emoji_icon\" src=\"/home/css/emoji/20.png\">','text',10),(132,'2020-08-15 18:54:22','2020-08-15 18:54:22',0,NULL,'single','猿来入此;20200729/1596027199536.png',54,'<img class=\"emoji_icon\" src=\"/home/css/qq/14.gif\">','text',10),(133,'2020-08-15 19:23:05','2020-08-15 19:23:05',0,NULL,'single','猿来入此;20200729/1596027199536.png',54,'<img class=\"emoji_icon\" src=\"/home/css/sina/1.png\">','text',10),(134,'2020-08-15 19:23:13','2020-08-15 19:23:13',0,NULL,'single','猿来入此;20200729/1596027199536.png',54,'<img class=\"emoji_icon\" src=\"/home/css/sina/4.png\">','text',10),(135,'2020-08-15 19:29:09','2020-08-15 19:29:09',0,NULL,'group','猿来入此CEO;20200729/1596027199536.png',1,'<img class=\"emoji_icon\" src=\"/home/css/dlam/2.png\">','text',4),(136,'2020-08-15 19:29:17','2020-08-15 19:29:17',0,NULL,'single','猿来入此;20200729/1596027199536.png',54,'<img class=\"emoji_icon\" src=\"/home/css/dlam/6.png\">','text',10),(137,'2020-08-15 19:35:37','2020-08-15 19:35:37',0,NULL,'group','猿来入此CEO;20200729/1596027199536.png',1,'<img class=\"emoji_icon\" src=\"/home/css/other/1.png\">','text',4),(138,'2020-08-15 19:45:35','2020-08-15 19:45:35',0,NULL,'group','猿来入此CEO;20200729/1596027199536.png',1,'<img class=\"emoji_icon\" src=\"/home/css/bird/3.png\">哈哈哈哈','text',4),(139,'2020-08-15 19:45:49','2020-08-15 19:45:49',0,NULL,'single','猿来入此;20200729/1596027199536.png',54,'<img class=\"emoji_icon\" src=\"/home/css/sina/4.png\">','text',10),(140,'2020-08-15 19:45:58','2020-08-15 19:45:58',0,NULL,'single','猿来入此;20200729/1596027199536.png',54,'<img class=\"emoji_icon\" src=\"/home/css/sina/19.png\">咋说呢','text',10),(141,'2020-08-15 23:35:17','2020-08-15 23:35:17',0,NULL,'single','猿来入此;20200729/1596027199536.png',54,'<img class=\"emoji_icon\" src=\"/home/css/sina/19.png\">','text',10),(142,'2020-08-15 23:35:47','2020-08-15 23:35:47',0,NULL,'single','无影无踪;20200815/1597475651573.jpg',53,'<img class=\"emoji_icon\" src=\"/home/css/sina/6.png\">挺好的','text',1),(143,'2020-08-15 23:35:57','2020-08-15 23:35:57',0,NULL,'single','猿来入此;20200729/1596027199536.png',54,'啥呀','text',10),(144,'2020-08-15 23:36:10','2020-08-15 23:36:10',0,'20200815/1597505770707.mp3','single','无影无踪;20200815/1597475651573.jpg',53,'audio.mp3','audio',1),(145,'2020-08-15 23:36:24','2020-08-15 23:36:24',0,NULL,'single','猿来入此;20200729/1596027199536.png',54,'好听','text',10),(146,'2020-08-15 23:36:46','2020-08-15 23:36:46',589943,'20200815/1597505806388.pdf','single','无影无踪;20200815/1597475651573.jpg',53,'jpa.pdf','file',1),(147,'2020-08-15 23:37:02','2020-08-15 23:37:02',0,NULL,'single','猿来入此;20200729/1596027199536.png',54,'知识点挺好的','text',10),(148,'2020-08-15 23:39:20','2020-08-15 23:39:20',0,NULL,'group','猿来入此CEO;20200729/1596027199536.png',1,'<img class=\"emoji_icon\" src=\"/home/css/sina/4.png\">','text',4),(149,'2020-08-15 23:40:29','2020-08-15 23:40:29',0,NULL,'group','猿来入此CEO;20200729/1596027199536.png',1,'<img class=\"emoji_icon\" src=\"/home/css/sina/27.png\">','text',4),(150,'2020-08-15 23:47:47','2020-08-15 23:47:47',0,NULL,'group','猿来入此CEO;20200729/1596027199536.png',1,'<img class=\"emoji_icon\" src=\"/home/css/sina/24.png\">','text',4),(151,'2020-08-15 23:55:32','2020-08-15 23:55:32',0,NULL,'group','猿来入此CEO;20200729/1596027199536.png',1,'会话','text',4),(152,'2020-08-16 00:00:15','2020-08-16 00:00:15',0,NULL,'group','猿来入此CEO;20200729/1596027199536.png',1,'蛮好的','text',4),(153,'2020-08-16 00:01:24','2020-08-16 00:01:24',0,NULL,'group','猿来入此CEO;20200729/1596027199536.png',1,'<img class=\"emoji_icon\" src=\"/home/css/sina/2.png\">','text',4);
/*!40000 ALTER TABLE `ylrc_msg_content` ENABLE KEYS */;
UNLOCK TABLES;

--
-- Table structure for table `ylrc_msg_log`
--

DROP TABLE IF EXISTS `ylrc_msg_log`;
/*!40101 SET @saved_cs_client     = @@character_set_client */;
/*!40101 SET character_set_client = utf8 */;
CREATE TABLE `ylrc_msg_log` (
  `id` bigint(20) NOT NULL AUTO_INCREMENT,
  `create_time` datetime NOT NULL,
  `update_time` datetime NOT NULL,
  `status` int(11) DEFAULT NULL,
  `account_id` bigint(20) DEFAULT NULL,
  `msg_content_id` bigint(20) DEFAULT NULL,
  PRIMARY KEY (`id`),
  KEY `FK6rxwoex9jvmwlgnacf0smwjc4` (`account_id`),
  KEY `FKm9ocgrhnlt9lljgkdy2u7uuk9` (`msg_content_id`),
  CONSTRAINT `FK6rxwoex9jvmwlgnacf0smwjc4` FOREIGN KEY (`account_id`) REFERENCES `ylrc_account` (`id`),
  CONSTRAINT `FKm9ocgrhnlt9lljgkdy2u7uuk9` FOREIGN KEY (`msg_content_id`) REFERENCES `ylrc_msg_content` (`id`)
) ENGINE=InnoDB AUTO_INCREMENT=535 DEFAULT CHARSET=utf8;
/*!40101 SET character_set_client = @saved_cs_client */;

--
-- Dumping data for table `ylrc_msg_log`
--

LOCK TABLES `ylrc_msg_log` WRITE;
/*!40000 ALTER TABLE `ylrc_msg_log` DISABLE KEYS */;
INSERT INTO `ylrc_msg_log` VALUES (39,'2020-08-05 20:51:26','2020-08-05 20:52:00',1,2,27),(40,'2020-08-05 20:51:29','2020-08-05 20:52:00',1,2,28),(41,'2020-08-05 20:51:40','2020-08-05 20:54:12',1,4,29),(42,'2020-08-05 20:51:40','2020-08-05 20:51:40',0,5,29),(43,'2020-08-05 20:51:40','2020-08-05 20:51:40',0,6,29),(44,'2020-08-05 20:51:40','2020-08-05 20:51:40',0,7,29),(45,'2020-08-05 20:51:40','2020-08-05 20:51:40',0,8,29),(46,'2020-08-05 20:51:40','2020-08-05 20:51:40',0,3,29),(47,'2020-08-05 20:51:40','2020-08-05 20:52:00',1,2,29),(48,'2020-08-05 20:51:47','2020-08-05 20:54:12',1,4,30),(49,'2020-08-05 20:51:47','2020-08-05 20:51:47',0,5,30),(50,'2020-08-05 20:51:47','2020-08-05 20:51:47',0,6,30),(51,'2020-08-05 20:51:47','2020-08-05 20:51:47',0,7,30),(52,'2020-08-05 20:51:47','2020-08-05 20:51:47',0,8,30),(53,'2020-08-05 20:51:47','2020-08-05 20:51:47',0,3,30),(54,'2020-08-05 20:51:47','2020-08-05 20:52:00',1,2,30),(55,'2020-08-05 20:52:10','2020-08-05 20:52:10',1,1,31),(56,'2020-08-05 20:52:12','2020-08-05 20:52:12',1,1,32),(57,'2020-08-05 20:52:30','2020-08-05 20:54:12',1,4,33),(58,'2020-08-05 20:52:30','2020-08-05 20:52:30',0,5,33),(59,'2020-08-05 20:52:30','2020-08-05 20:52:30',0,6,33),(60,'2020-08-05 20:52:30','2020-08-05 20:52:30',0,7,33),(61,'2020-08-05 20:52:30','2020-08-05 20:52:30',0,8,33),(62,'2020-08-05 20:52:30','2020-08-05 20:52:30',0,3,33),(63,'2020-08-05 20:52:30','2020-08-05 20:52:30',1,2,33),(64,'2020-08-05 20:52:40','2020-08-05 20:52:40',1,2,34),(65,'2020-08-05 20:52:44','2020-08-05 20:52:44',1,2,35),(66,'2020-08-05 20:52:47','2020-08-05 20:52:47',1,1,36),(67,'2020-08-05 20:52:48','2020-08-05 20:52:48',1,1,37),(68,'2020-08-05 20:52:54','2020-08-05 20:52:54',1,1,38),(69,'2020-08-05 20:52:54','2020-08-05 20:54:12',1,4,38),(70,'2020-08-05 20:52:54','2020-08-05 20:52:54',0,5,38),(71,'2020-08-05 20:52:54','2020-08-05 20:52:54',0,6,38),(72,'2020-08-05 20:52:54','2020-08-05 20:52:54',0,7,38),(73,'2020-08-05 20:52:54','2020-08-05 20:52:54',0,8,38),(74,'2020-08-05 20:52:54','2020-08-05 20:52:54',0,3,38),(75,'2020-08-05 20:52:56','2020-08-05 20:52:56',1,1,39),(76,'2020-08-05 20:52:56','2020-08-05 20:54:12',1,4,39),(77,'2020-08-05 20:52:56','2020-08-05 20:52:56',0,5,39),(78,'2020-08-05 20:52:56','2020-08-05 20:52:56',0,6,39),(79,'2020-08-05 20:52:56','2020-08-05 20:52:56',0,7,39),(80,'2020-08-05 20:52:56','2020-08-05 20:52:56',0,8,39),(81,'2020-08-05 20:52:56','2020-08-05 20:52:56',0,3,39),(82,'2020-08-05 20:53:14','2020-08-05 20:53:14',1,1,40),(83,'2020-08-05 20:53:14','2020-08-05 20:54:12',1,4,40),(84,'2020-08-05 20:53:14','2020-08-05 20:53:14',0,5,40),(85,'2020-08-05 20:53:14','2020-08-05 20:53:14',0,6,40),(86,'2020-08-05 20:53:14','2020-08-05 20:53:14',0,7,40),(87,'2020-08-05 20:53:14','2020-08-05 20:53:14',0,8,40),(88,'2020-08-05 20:53:14','2020-08-05 20:53:14',0,3,40),(89,'2020-08-05 20:53:38','2020-08-05 20:54:12',1,4,41),(90,'2020-08-05 20:53:38','2020-08-05 20:53:38',0,5,41),(91,'2020-08-05 20:53:38','2020-08-05 20:53:38',0,6,41),(92,'2020-08-05 20:53:38','2020-08-05 20:53:38',0,7,41),(93,'2020-08-05 20:53:38','2020-08-05 20:53:38',0,8,41),(94,'2020-08-05 20:53:38','2020-08-05 20:53:38',0,3,41),(95,'2020-08-05 20:53:38','2020-08-05 20:53:38',1,2,41),(96,'2020-08-05 20:54:32','2020-08-05 20:54:32',1,1,42),(97,'2020-08-05 20:54:32','2020-08-05 20:54:32',0,5,42),(98,'2020-08-05 20:54:32','2020-08-05 20:54:32',0,6,42),(99,'2020-08-05 20:54:32','2020-08-05 20:54:32',0,7,42),(100,'2020-08-05 20:54:32','2020-08-05 20:54:32',0,8,42),(101,'2020-08-05 20:54:32','2020-08-05 20:54:32',0,3,42),(102,'2020-08-05 20:54:32','2020-08-05 20:54:32',1,2,42),(103,'2020-08-05 20:54:36','2020-08-05 20:54:36',1,1,43),(104,'2020-08-05 20:54:36','2020-08-05 20:54:36',0,5,43),(105,'2020-08-05 20:54:36','2020-08-05 20:54:36',0,6,43),(106,'2020-08-05 20:54:36','2020-08-05 20:54:36',0,7,43),(107,'2020-08-05 20:54:36','2020-08-05 20:54:36',0,8,43),(108,'2020-08-05 20:54:36','2020-08-05 20:54:36',0,3,43),(109,'2020-08-05 20:54:36','2020-08-05 20:54:36',1,2,43),(110,'2020-08-05 20:54:42','2020-08-05 20:54:42',1,1,44),(111,'2020-08-05 20:54:42','2020-08-05 20:54:42',0,5,44),(112,'2020-08-05 20:54:42','2020-08-05 20:54:42',0,6,44),(113,'2020-08-05 20:54:42','2020-08-05 20:54:42',0,7,44),(114,'2020-08-05 20:54:42','2020-08-05 20:54:42',0,8,44),(115,'2020-08-05 20:54:42','2020-08-05 20:54:42',0,3,44),(116,'2020-08-05 20:54:42','2020-08-05 20:54:42',1,2,44),(117,'2020-08-05 20:54:53','2020-08-05 20:54:53',1,1,45),(118,'2020-08-05 20:54:53','2020-08-05 20:54:53',1,4,45),(119,'2020-08-05 20:54:53','2020-08-05 20:54:53',0,5,45),(120,'2020-08-05 20:54:53','2020-08-05 20:54:53',0,6,45),(121,'2020-08-05 20:54:53','2020-08-05 20:54:53',0,7,45),(122,'2020-08-05 20:54:53','2020-08-05 20:54:53',0,8,45),(123,'2020-08-05 20:54:53','2020-08-05 20:54:53',0,3,45),(124,'2020-08-05 20:55:07','2020-08-05 20:55:07',1,1,46),(125,'2020-08-05 20:55:09','2020-08-05 20:55:09',1,1,47),(126,'2020-08-05 20:55:14','2020-08-05 20:55:14',1,4,48),(127,'2020-08-05 20:55:15','2020-08-05 20:55:15',1,4,49),(128,'2020-08-05 20:56:46','2020-08-05 20:56:46',1,1,50),(129,'2020-08-05 20:59:08','2020-08-05 20:59:08',1,4,51),(130,'2020-08-05 20:59:20','2020-08-05 20:59:20',1,1,52),(131,'2020-08-05 20:59:20','2020-08-05 20:59:20',1,4,52),(132,'2020-08-05 20:59:20','2020-08-05 20:59:20',0,5,52),(133,'2020-08-05 20:59:20','2020-08-05 20:59:20',0,6,52),(134,'2020-08-05 20:59:20','2020-08-05 20:59:20',0,7,52),(135,'2020-08-05 20:59:20','2020-08-05 20:59:20',0,8,52),(136,'2020-08-05 20:59:20','2020-08-05 20:59:20',0,3,52),(137,'2020-08-05 21:00:23','2020-08-05 21:00:23',1,4,53),(138,'2020-08-05 21:00:23','2020-08-05 21:00:23',0,5,53),(139,'2020-08-05 21:00:23','2020-08-05 21:00:23',0,6,53),(140,'2020-08-05 21:00:23','2020-08-05 21:00:23',0,7,53),(141,'2020-08-05 21:00:23','2020-08-05 21:00:23',0,8,53),(142,'2020-08-05 21:00:23','2020-08-05 21:00:23',0,3,53),(143,'2020-08-05 21:00:50','2020-08-05 21:00:50',1,1,54),(144,'2020-08-05 21:00:50','2020-08-05 21:00:50',0,5,54),(145,'2020-08-05 21:00:50','2020-08-05 21:00:50',0,6,54),(146,'2020-08-05 21:00:50','2020-08-05 21:00:50',0,7,54),(147,'2020-08-05 21:00:50','2020-08-05 21:00:50',0,8,54),(148,'2020-08-05 21:00:50','2020-08-05 21:00:50',0,3,54),(149,'2020-08-05 21:01:13','2020-08-05 21:01:13',1,4,55),(150,'2020-08-05 21:01:13','2020-08-05 21:01:13',0,5,55),(151,'2020-08-05 21:01:13','2020-08-05 21:01:13',0,6,55),(152,'2020-08-05 21:01:13','2020-08-05 21:01:13',0,7,55),(153,'2020-08-05 21:01:13','2020-08-05 21:01:13',0,8,55),(154,'2020-08-05 21:01:13','2020-08-05 21:01:13',0,3,55),(155,'2020-08-05 21:01:13','2020-08-05 21:01:13',1,2,55),(156,'2020-08-05 21:10:31','2020-08-05 21:10:31',1,1,56),(157,'2020-08-05 21:10:31','2020-08-05 21:10:31',0,5,56),(158,'2020-08-05 21:10:31','2020-08-05 21:10:31',0,6,56),(159,'2020-08-05 21:10:31','2020-08-05 21:10:31',0,7,56),(160,'2020-08-05 21:10:31','2020-08-05 21:10:31',0,8,56),(161,'2020-08-05 21:10:31','2020-08-05 21:10:31',0,3,56),(162,'2020-08-05 21:10:31','2020-08-05 21:10:31',1,2,56),(163,'2020-08-05 21:10:52','2020-08-05 21:10:52',1,1,57),(164,'2020-08-05 21:10:52','2020-08-05 21:10:52',1,4,57),(165,'2020-08-05 21:10:52','2020-08-05 21:10:52',0,5,57),(166,'2020-08-05 21:10:52','2020-08-05 21:10:52',0,6,57),(167,'2020-08-05 21:10:52','2020-08-05 21:10:52',0,7,57),(168,'2020-08-05 21:10:52','2020-08-05 21:10:52',0,8,57),(169,'2020-08-05 21:10:52','2020-08-05 21:10:52',0,3,57),(170,'2020-08-05 21:11:27','2020-08-05 21:11:27',1,1,58),(171,'2020-08-05 21:11:27','2020-08-05 21:11:27',1,4,58),(172,'2020-08-05 21:11:27','2020-08-05 21:11:27',0,5,58),(173,'2020-08-05 21:11:27','2020-08-05 21:11:27',0,6,58),(174,'2020-08-05 21:11:27','2020-08-05 21:11:27',0,7,58),(175,'2020-08-05 21:11:27','2020-08-05 21:11:27',0,8,58),(176,'2020-08-05 21:11:27','2020-08-05 21:11:27',0,3,58),(177,'2020-08-05 21:11:36','2020-08-05 21:11:36',1,1,59),(178,'2020-08-05 21:11:36','2020-08-05 21:11:36',0,5,59),(179,'2020-08-05 21:11:36','2020-08-05 21:11:36',0,6,59),(180,'2020-08-05 21:11:36','2020-08-05 21:11:36',0,7,59),(181,'2020-08-05 21:11:36','2020-08-05 21:11:36',0,8,59),(182,'2020-08-05 21:11:36','2020-08-05 21:11:36',0,3,59),(183,'2020-08-05 21:11:36','2020-08-05 21:11:36',1,2,59),(184,'2020-08-05 21:11:44','2020-08-05 21:11:44',1,4,60),(185,'2020-08-05 21:11:44','2020-08-05 21:11:44',0,5,60),(186,'2020-08-05 21:11:44','2020-08-05 21:11:44',0,6,60),(187,'2020-08-05 21:11:44','2020-08-05 21:11:44',0,7,60),(188,'2020-08-05 21:11:44','2020-08-05 21:11:44',0,8,60),(189,'2020-08-05 21:11:44','2020-08-05 21:11:44',0,3,60),(190,'2020-08-05 21:11:44','2020-08-05 21:11:44',1,2,60),(191,'2020-08-05 21:11:48','2020-08-05 21:11:48',1,4,61),(192,'2020-08-05 21:11:48','2020-08-05 21:11:48',0,5,61),(193,'2020-08-05 21:11:48','2020-08-05 21:11:48',0,6,61),(194,'2020-08-05 21:11:48','2020-08-05 21:11:48',0,7,61),(195,'2020-08-05 21:11:48','2020-08-05 21:11:48',0,8,61),(196,'2020-08-05 21:11:48','2020-08-05 21:11:48',0,3,61),(197,'2020-08-05 21:11:48','2020-08-05 21:11:48',1,2,61),(198,'2020-08-05 21:12:50','2020-08-05 21:12:50',1,1,62),(199,'2020-08-05 21:12:50','2020-08-05 21:12:50',0,5,62),(200,'2020-08-05 21:12:50','2020-08-05 21:12:50',0,6,62),(201,'2020-08-05 21:12:50','2020-08-05 21:12:50',0,7,62),(202,'2020-08-05 21:12:50','2020-08-05 21:12:50',0,8,62),(203,'2020-08-05 21:12:50','2020-08-05 21:12:50',0,3,62),(204,'2020-08-05 21:12:50','2020-08-05 21:12:50',1,2,62),(205,'2020-08-05 21:13:15','2020-08-05 21:13:15',1,1,63),(206,'2020-08-05 21:13:15','2020-08-05 21:13:15',1,4,63),(207,'2020-08-05 21:13:15','2020-08-05 21:13:15',0,5,63),(208,'2020-08-05 21:13:15','2020-08-05 21:13:15',0,6,63),(209,'2020-08-05 21:13:15','2020-08-05 21:13:15',0,7,63),(210,'2020-08-05 21:13:15','2020-08-05 21:13:15',0,8,63),(211,'2020-08-05 21:13:15','2020-08-05 21:13:15',0,3,63),(212,'2020-08-05 21:26:18','2020-08-05 21:26:18',1,1,64),(213,'2020-08-05 21:31:26','2020-08-05 21:31:26',1,4,65),(214,'2020-08-05 21:31:26','2020-08-05 21:31:26',0,5,65),(215,'2020-08-05 21:31:26','2020-08-05 21:31:26',0,6,65),(216,'2020-08-05 21:31:26','2020-08-05 21:31:26',0,7,65),(217,'2020-08-05 21:31:26','2020-08-05 21:31:26',0,8,65),(218,'2020-08-05 21:31:26','2020-08-05 21:31:26',0,3,65),(219,'2020-08-05 21:31:26','2020-08-05 21:31:26',1,2,65),(220,'2020-08-05 21:31:35','2020-08-05 21:31:35',1,1,66),(221,'2020-08-05 21:31:51','2020-08-05 21:31:51',1,1,67),(222,'2020-08-05 21:33:19','2020-08-05 21:33:19',1,1,68),(223,'2020-08-05 21:33:55','2020-08-05 21:33:55',1,1,69),(224,'2020-08-05 21:34:24','2020-08-05 21:34:24',1,4,70),(225,'2020-08-05 21:34:28','2020-08-05 21:34:28',1,1,71),(226,'2020-08-05 21:34:38','2020-08-05 21:34:38',1,4,72),(227,'2020-08-05 21:34:42','2020-08-05 21:34:42',1,1,73),(228,'2020-08-05 21:34:48','2020-08-05 21:34:48',1,1,74),(229,'2020-08-05 21:35:04','2020-08-05 21:35:04',1,4,75),(230,'2020-08-05 21:35:10','2020-08-05 21:35:10',1,1,76),(231,'2020-08-05 21:35:10','2020-08-05 21:35:10',0,5,76),(232,'2020-08-05 21:35:10','2020-08-05 21:35:10',0,6,76),(233,'2020-08-05 21:35:10','2020-08-05 21:35:10',0,7,76),(234,'2020-08-05 21:35:10','2020-08-05 21:35:10',0,8,76),(235,'2020-08-05 21:35:10','2020-08-05 21:35:10',0,3,76),(236,'2020-08-05 21:35:10','2020-08-05 21:35:10',1,2,76),(237,'2020-08-05 21:36:01','2020-08-05 21:36:01',1,1,77),(238,'2020-08-05 21:36:01','2020-08-05 21:36:01',0,5,77),(239,'2020-08-05 21:36:01','2020-08-05 21:36:01',0,6,77),(240,'2020-08-05 21:36:02','2020-08-05 21:36:02',0,7,77),(241,'2020-08-05 21:36:02','2020-08-05 21:36:02',0,8,77),(242,'2020-08-05 21:36:02','2020-08-05 21:36:02',0,3,77),(243,'2020-08-05 21:36:02','2020-08-05 21:36:02',1,2,77),(244,'2020-08-05 21:38:44','2020-08-05 21:38:44',1,1,78),(245,'2020-08-05 21:38:44','2020-08-05 21:38:44',0,5,78),(246,'2020-08-05 21:38:44','2020-08-05 21:38:44',0,6,78),(247,'2020-08-05 21:38:44','2020-08-05 21:38:44',0,7,78),(248,'2020-08-05 21:38:44','2020-08-05 21:38:44',0,8,78),(249,'2020-08-05 21:38:44','2020-08-05 21:38:44',0,3,78),(250,'2020-08-05 21:38:44','2020-08-05 21:38:44',1,2,78),(251,'2020-08-05 21:39:42','2020-08-05 21:39:42',1,1,79),(252,'2020-08-05 21:39:42','2020-08-05 21:39:42',1,4,79),(253,'2020-08-05 21:39:42','2020-08-05 21:39:42',0,5,79),(254,'2020-08-05 21:39:42','2020-08-05 21:39:42',0,6,79),(255,'2020-08-05 21:39:42','2020-08-05 21:39:42',0,7,79),(256,'2020-08-05 21:39:42','2020-08-05 21:39:42',0,8,79),(257,'2020-08-05 21:39:42','2020-08-05 21:39:42',0,3,79),(258,'2020-08-05 21:41:18','2020-08-05 21:41:18',1,1,80),(259,'2020-08-05 21:41:18','2020-08-05 21:41:18',0,5,80),(260,'2020-08-05 21:41:18','2020-08-05 21:41:18',0,6,80),(261,'2020-08-05 21:41:18','2020-08-05 21:41:18',0,7,80),(262,'2020-08-05 21:41:18','2020-08-05 21:41:18',0,8,80),(263,'2020-08-05 21:41:18','2020-08-05 21:41:18',0,3,80),(264,'2020-08-05 21:41:18','2020-08-05 21:41:18',1,2,80),(265,'2020-08-05 21:41:26','2020-08-05 21:41:26',1,1,81),(266,'2020-08-05 21:41:26','2020-08-05 21:41:26',1,4,81),(267,'2020-08-05 21:41:26','2020-08-05 21:41:26',0,5,81),(268,'2020-08-05 21:41:26','2020-08-05 21:41:26',0,6,81),(269,'2020-08-05 21:41:26','2020-08-05 21:41:26',0,7,81),(270,'2020-08-05 21:41:26','2020-08-05 21:41:26',0,8,81),(271,'2020-08-05 21:41:26','2020-08-05 21:41:26',0,3,81),(272,'2020-08-05 21:42:28','2020-08-05 21:42:28',1,1,82),(273,'2020-08-05 21:42:28','2020-08-05 21:42:28',0,5,82),(274,'2020-08-05 21:42:28','2020-08-05 21:42:28',0,6,82),(275,'2020-08-05 21:42:28','2020-08-05 21:42:28',0,7,82),(276,'2020-08-05 21:42:28','2020-08-05 21:42:28',0,8,82),(277,'2020-08-05 21:42:28','2020-08-05 21:42:28',0,3,82),(278,'2020-08-05 21:42:28','2020-08-05 21:42:28',1,2,82),(279,'2020-08-05 21:42:42','2020-08-05 21:42:42',1,1,83),(280,'2020-08-05 21:42:42','2020-08-05 21:42:42',1,4,83),(281,'2020-08-05 21:42:42','2020-08-05 21:42:42',0,5,83),(282,'2020-08-05 21:42:42','2020-08-05 21:42:42',0,6,83),(283,'2020-08-05 21:42:42','2020-08-05 21:42:42',0,7,83),(284,'2020-08-05 21:42:42','2020-08-05 21:42:42',0,8,83),(285,'2020-08-05 21:42:42','2020-08-05 21:42:42',0,3,83),(286,'2020-08-05 21:44:39','2020-08-05 21:44:39',1,1,84),(287,'2020-08-05 21:44:39','2020-08-05 21:44:39',0,5,84),(288,'2020-08-05 21:44:39','2020-08-05 21:44:39',0,6,84),(289,'2020-08-05 21:44:39','2020-08-05 21:44:39',0,7,84),(290,'2020-08-05 21:44:39','2020-08-05 21:44:39',0,8,84),(291,'2020-08-05 21:44:39','2020-08-05 21:44:39',0,3,84),(292,'2020-08-05 21:44:39','2020-08-05 21:44:39',1,2,84),(293,'2020-08-05 21:44:50','2020-08-05 21:44:50',1,1,85),(294,'2020-08-05 21:44:50','2020-08-05 21:44:50',1,4,85),(295,'2020-08-05 21:44:50','2020-08-05 21:44:50',0,5,85),(296,'2020-08-05 21:44:50','2020-08-05 21:44:50',0,6,85),(297,'2020-08-05 21:44:50','2020-08-05 21:44:50',0,7,85),(298,'2020-08-05 21:44:50','2020-08-05 21:44:50',0,8,85),(299,'2020-08-05 21:44:50','2020-08-05 21:44:50',0,3,85),(300,'2020-08-05 21:45:05','2020-08-05 21:45:05',1,1,86),(301,'2020-08-05 21:45:10','2020-08-05 21:45:10',1,1,87),(302,'2020-08-05 21:45:11','2020-08-05 21:45:11',1,1,88),(303,'2020-08-05 21:45:35','2020-08-05 21:45:35',1,1,89),(304,'2020-08-05 21:45:35','2020-08-05 21:45:35',0,5,89),(305,'2020-08-05 21:45:35','2020-08-05 21:45:35',0,6,89),(306,'2020-08-05 21:45:35','2020-08-05 21:45:35',0,7,89),(307,'2020-08-05 21:45:35','2020-08-05 21:45:35',0,8,89),(308,'2020-08-05 21:45:35','2020-08-05 21:45:35',0,3,89),(309,'2020-08-05 21:45:35','2020-08-05 21:45:35',1,2,89),(310,'2020-08-05 21:49:01','2020-08-05 21:49:01',1,4,90),(311,'2020-08-05 21:49:01','2020-08-05 21:49:01',0,5,90),(312,'2020-08-05 21:49:01','2020-08-05 21:49:01',0,6,90),(313,'2020-08-05 21:49:01','2020-08-05 21:49:01',0,7,90),(314,'2020-08-05 21:49:01','2020-08-05 21:49:01',0,8,90),(315,'2020-08-05 21:49:01','2020-08-05 21:49:01',0,3,90),(316,'2020-08-05 21:49:01','2020-08-05 21:49:01',1,2,90),(317,'2020-08-05 21:49:15','2020-08-05 21:49:15',1,1,91),(318,'2020-08-05 21:49:15','2020-08-05 21:49:15',0,5,91),(319,'2020-08-05 21:49:15','2020-08-05 21:49:15',0,6,91),(320,'2020-08-05 21:49:15','2020-08-05 21:49:15',0,7,91),(321,'2020-08-05 21:49:15','2020-08-05 21:49:15',0,8,91),(322,'2020-08-05 21:49:15','2020-08-05 21:49:15',0,3,91),(323,'2020-08-05 21:49:15','2020-08-05 21:49:15',1,2,91),(324,'2020-08-05 21:49:22','2020-08-05 21:49:22',1,4,92),(325,'2020-08-05 21:49:22','2020-08-05 21:49:22',0,5,92),(326,'2020-08-05 21:49:22','2020-08-05 21:49:22',0,6,92),(327,'2020-08-05 21:49:22','2020-08-05 21:49:22',0,7,92),(328,'2020-08-05 21:49:22','2020-08-05 21:49:22',0,8,92),(329,'2020-08-05 21:49:22','2020-08-05 21:49:22',0,3,92),(330,'2020-08-05 21:49:22','2020-08-05 21:49:22',1,2,92),(331,'2020-08-05 21:49:42','2020-08-05 21:49:42',1,1,93),(332,'2020-08-05 21:50:21','2020-08-05 21:50:21',1,2,94),(333,'2020-08-05 21:50:34','2020-08-05 21:50:34',1,4,95),(334,'2020-08-05 21:50:34','2020-08-05 21:50:34',0,5,95),(335,'2020-08-05 21:50:34','2020-08-05 21:50:34',0,6,95),(336,'2020-08-05 21:50:34','2020-08-05 21:50:34',0,7,95),(337,'2020-08-05 21:50:34','2020-08-05 21:50:34',0,8,95),(338,'2020-08-05 21:50:34','2020-08-05 21:50:34',0,3,95),(339,'2020-08-05 21:50:34','2020-08-05 21:50:34',1,2,95),(340,'2020-08-05 21:50:35','2020-08-05 21:50:35',1,4,96),(341,'2020-08-05 21:50:35','2020-08-05 21:50:35',0,5,96),(342,'2020-08-05 21:50:35','2020-08-05 21:50:35',0,6,96),(343,'2020-08-05 21:50:35','2020-08-05 21:50:35',0,7,96),(344,'2020-08-05 21:50:35','2020-08-05 21:50:35',0,8,96),(345,'2020-08-05 21:50:35','2020-08-05 21:50:35',0,3,96),(346,'2020-08-05 21:50:35','2020-08-05 21:50:35',1,2,96),(347,'2020-08-05 21:50:37','2020-08-05 21:50:37',1,4,97),(348,'2020-08-05 21:50:37','2020-08-05 21:50:37',0,5,97),(349,'2020-08-05 21:50:37','2020-08-05 21:50:37',0,6,97),(350,'2020-08-05 21:50:37','2020-08-05 21:50:37',0,7,97),(351,'2020-08-05 21:50:37','2020-08-05 21:50:37',0,8,97),(352,'2020-08-05 21:50:37','2020-08-05 21:50:37',0,3,97),(353,'2020-08-05 21:50:37','2020-08-05 21:50:37',1,2,97),(354,'2020-08-05 21:50:52','2020-08-05 21:50:52',1,4,98),(355,'2020-08-05 21:50:52','2020-08-05 21:50:52',0,5,98),(356,'2020-08-05 21:50:52','2020-08-05 21:50:52',0,6,98),(357,'2020-08-05 21:50:52','2020-08-05 21:50:52',0,7,98),(358,'2020-08-05 21:50:52','2020-08-05 21:50:52',0,8,98),(359,'2020-08-05 21:50:52','2020-08-05 21:50:52',0,3,98),(360,'2020-08-05 21:50:52','2020-08-05 21:50:52',1,2,98),(361,'2020-08-15 15:15:03','2020-08-15 15:15:03',1,10,99),(362,'2020-08-15 15:15:11','2020-08-15 15:15:11',1,10,100),(363,'2020-08-15 15:16:53','2020-08-15 15:16:53',1,1,101),(364,'2020-08-15 15:17:07','2020-08-15 15:17:07',1,10,102),(365,'2020-08-15 15:17:14','2020-08-15 15:17:14',1,1,103),(366,'2020-08-15 15:17:21','2020-08-15 15:17:21',1,1,104),(367,'2020-08-15 15:17:25','2020-08-15 15:17:25',1,1,105),(368,'2020-08-15 15:17:43','2020-08-15 15:17:43',1,10,106),(369,'2020-08-15 15:17:47','2020-08-15 15:17:47',1,10,107),(370,'2020-08-15 15:39:29','2020-08-15 15:39:29',0,4,108),(371,'2020-08-15 15:39:29','2020-08-15 15:39:29',0,5,108),(372,'2020-08-15 15:39:29','2020-08-15 15:39:29',0,6,108),(373,'2020-08-15 15:39:29','2020-08-15 15:39:29',0,7,108),(374,'2020-08-15 15:39:29','2020-08-15 15:39:29',0,8,108),(375,'2020-08-15 15:39:29','2020-08-15 15:39:29',0,3,108),(376,'2020-08-15 15:39:29','2020-08-15 15:39:29',0,2,108),(377,'2020-08-15 15:39:44','2020-08-15 15:39:44',1,10,109),(378,'2020-08-15 16:50:13','2020-08-15 16:50:13',0,4,110),(379,'2020-08-15 16:50:13','2020-08-15 16:50:13',0,5,110),(380,'2020-08-15 16:50:13','2020-08-15 16:50:13',0,6,110),(381,'2020-08-15 16:50:13','2020-08-15 16:50:13',0,7,110),(382,'2020-08-15 16:50:13','2020-08-15 16:50:13',0,8,110),(383,'2020-08-15 16:50:13','2020-08-15 16:50:13',0,3,110),(384,'2020-08-15 16:50:13','2020-08-15 16:50:13',0,2,110),(385,'2020-08-15 17:17:52','2020-08-15 17:17:52',1,10,111),(386,'2020-08-15 17:39:09','2020-08-15 17:39:09',1,10,112),(387,'2020-08-15 17:39:42','2020-08-15 17:39:42',1,1,113),(388,'2020-08-15 18:07:27','2020-08-15 18:07:27',0,4,114),(389,'2020-08-15 18:07:27','2020-08-15 18:07:27',0,5,114),(390,'2020-08-15 18:07:27','2020-08-15 18:07:27',0,6,114),(391,'2020-08-15 18:07:27','2020-08-15 18:07:27',0,7,114),(392,'2020-08-15 18:07:27','2020-08-15 18:07:27',0,8,114),(393,'2020-08-15 18:07:27','2020-08-15 18:07:27',0,3,114),(394,'2020-08-15 18:07:27','2020-08-15 18:07:27',0,2,114),(395,'2020-08-15 18:07:51','2020-08-15 18:07:51',1,10,115),(396,'2020-08-15 18:09:12','2020-08-15 18:09:12',0,4,116),(397,'2020-08-15 18:09:12','2020-08-15 18:09:12',0,5,116),(398,'2020-08-15 18:09:12','2020-08-15 18:09:12',0,6,116),(399,'2020-08-15 18:09:12','2020-08-15 18:09:12',0,7,116),(400,'2020-08-15 18:09:12','2020-08-15 18:09:12',0,8,116),(401,'2020-08-15 18:09:12','2020-08-15 18:09:12',0,3,116),(402,'2020-08-15 18:09:12','2020-08-15 18:09:12',0,2,116),(403,'2020-08-15 18:11:46','2020-08-15 18:11:46',0,4,117),(404,'2020-08-15 18:11:46','2020-08-15 18:11:46',0,5,117),(405,'2020-08-15 18:11:46','2020-08-15 18:11:46',0,6,117),(406,'2020-08-15 18:11:46','2020-08-15 18:11:46',0,7,117),(407,'2020-08-15 18:11:46','2020-08-15 18:11:46',0,8,117),(408,'2020-08-15 18:11:46','2020-08-15 18:11:46',0,3,117),(409,'2020-08-15 18:11:46','2020-08-15 18:11:46',0,2,117),(410,'2020-08-15 18:19:23','2020-08-15 18:19:23',0,4,118),(411,'2020-08-15 18:19:23','2020-08-15 18:19:23',0,5,118),(412,'2020-08-15 18:19:23','2020-08-15 18:19:23',0,6,118),(413,'2020-08-15 18:19:23','2020-08-15 18:19:23',0,7,118),(414,'2020-08-15 18:19:23','2020-08-15 18:19:23',0,8,118),(415,'2020-08-15 18:19:23','2020-08-15 18:19:23',0,3,118),(416,'2020-08-15 18:19:23','2020-08-15 18:19:23',0,2,118),(417,'2020-08-15 18:19:30','2020-08-15 18:19:30',1,10,119),(418,'2020-08-15 18:20:16','2020-08-15 18:20:16',1,1,120),(419,'2020-08-15 18:20:43','2020-08-15 18:20:43',1,10,121),(420,'2020-08-15 18:23:50','2020-08-15 18:23:50',1,10,122),(421,'2020-08-15 18:35:55','2020-08-15 18:35:55',0,4,123),(422,'2020-08-15 18:35:55','2020-08-15 18:35:55',0,5,123),(423,'2020-08-15 18:35:55','2020-08-15 18:35:55',0,6,123),(424,'2020-08-15 18:35:55','2020-08-15 18:35:55',0,7,123),(425,'2020-08-15 18:35:55','2020-08-15 18:35:55',0,8,123),(426,'2020-08-15 18:35:55','2020-08-15 18:35:55',0,3,123),(427,'2020-08-15 18:35:55','2020-08-15 18:35:55',0,2,123),(428,'2020-08-15 18:36:01','2020-08-15 18:36:01',0,4,124),(429,'2020-08-15 18:36:01','2020-08-15 18:36:01',0,5,124),(430,'2020-08-15 18:36:01','2020-08-15 18:36:01',0,6,124),(431,'2020-08-15 18:36:01','2020-08-15 18:36:01',0,7,124),(432,'2020-08-15 18:36:01','2020-08-15 18:36:01',0,8,124),(433,'2020-08-15 18:36:01','2020-08-15 18:36:01',0,3,124),(434,'2020-08-15 18:36:01','2020-08-15 18:36:01',0,2,124),(435,'2020-08-15 18:36:09','2020-08-15 18:36:09',1,10,125),(436,'2020-08-15 18:36:22','2020-08-15 18:36:22',1,10,126),(437,'2020-08-15 18:36:54','2020-08-15 18:36:54',1,10,127),(438,'2020-08-15 18:37:39','2020-08-15 18:37:39',1,10,128),(439,'2020-08-15 18:38:57','2020-08-15 18:38:57',0,4,129),(440,'2020-08-15 18:38:57','2020-08-15 18:38:57',0,5,129),(441,'2020-08-15 18:38:57','2020-08-15 18:38:57',0,6,129),(442,'2020-08-15 18:38:57','2020-08-15 18:38:57',0,7,129),(443,'2020-08-15 18:38:57','2020-08-15 18:38:57',0,8,129),(444,'2020-08-15 18:38:57','2020-08-15 18:38:57',0,3,129),(445,'2020-08-15 18:38:57','2020-08-15 18:38:57',0,2,129),(446,'2020-08-15 18:39:15','2020-08-15 18:39:15',1,10,130),(447,'2020-08-15 18:39:33','2020-08-15 18:39:33',1,10,131),(448,'2020-08-15 18:54:22','2020-08-15 18:54:22',1,10,132),(449,'2020-08-15 19:23:05','2020-08-15 23:35:34',1,10,133),(450,'2020-08-15 19:23:13','2020-08-15 23:35:34',1,10,134),(451,'2020-08-15 19:29:09','2020-08-15 19:29:09',0,4,135),(452,'2020-08-15 19:29:09','2020-08-15 19:29:09',0,5,135),(453,'2020-08-15 19:29:09','2020-08-15 19:29:09',0,6,135),(454,'2020-08-15 19:29:09','2020-08-15 19:29:09',0,7,135),(455,'2020-08-15 19:29:09','2020-08-15 19:29:09',0,8,135),(456,'2020-08-15 19:29:10','2020-08-15 19:29:10',0,3,135),(457,'2020-08-15 19:29:10','2020-08-15 19:29:10',0,2,135),(458,'2020-08-15 19:29:17','2020-08-15 23:35:34',1,10,136),(459,'2020-08-15 19:35:37','2020-08-15 19:35:37',0,4,137),(460,'2020-08-15 19:35:37','2020-08-15 19:35:37',0,5,137),(461,'2020-08-15 19:35:37','2020-08-15 19:35:37',0,6,137),(462,'2020-08-15 19:35:37','2020-08-15 19:35:37',0,7,137),(463,'2020-08-15 19:35:37','2020-08-15 19:35:37',0,8,137),(464,'2020-08-15 19:35:37','2020-08-15 19:35:37',0,3,137),(465,'2020-08-15 19:35:37','2020-08-15 19:35:37',0,2,137),(466,'2020-08-15 19:45:35','2020-08-15 19:45:35',0,4,138),(467,'2020-08-15 19:45:35','2020-08-15 19:45:35',0,5,138),(468,'2020-08-15 19:45:35','2020-08-15 19:45:35',0,6,138),(469,'2020-08-15 19:45:35','2020-08-15 19:45:35',0,7,138),(470,'2020-08-15 19:45:35','2020-08-15 19:45:35',0,8,138),(471,'2020-08-15 19:45:35','2020-08-15 19:45:35',0,3,138),(472,'2020-08-15 19:45:35','2020-08-15 19:45:35',0,2,138),(473,'2020-08-15 19:45:49','2020-08-15 23:35:34',1,10,139),(474,'2020-08-15 19:45:58','2020-08-15 23:35:34',1,10,140),(475,'2020-08-15 23:35:17','2020-08-15 23:35:34',1,10,141),(476,'2020-08-15 23:35:47','2020-08-15 23:35:47',1,1,142),(477,'2020-08-15 23:35:57','2020-08-15 23:35:57',1,10,143),(478,'2020-08-15 23:36:10','2020-08-15 23:36:10',1,1,144),(479,'2020-08-15 23:36:24','2020-08-15 23:36:24',1,10,145),(480,'2020-08-15 23:36:46','2020-08-15 23:36:46',1,1,146),(481,'2020-08-15 23:37:02','2020-08-15 23:37:02',1,10,147),(482,'2020-08-15 23:39:20','2020-08-15 23:39:20',0,4,148),(483,'2020-08-15 23:39:20','2020-08-15 23:39:20',0,5,148),(484,'2020-08-15 23:39:20','2020-08-15 23:39:20',0,6,148),(485,'2020-08-15 23:39:20','2020-08-15 23:39:20',0,7,148),(486,'2020-08-15 23:39:20','2020-08-15 23:39:20',0,8,148),(487,'2020-08-15 23:39:20','2020-08-15 23:39:20',0,3,148),(488,'2020-08-15 23:39:20','2020-08-15 23:39:20',0,2,148),(489,'2020-08-15 23:39:20','2020-08-15 23:39:20',0,9,148),(490,'2020-08-15 23:39:20','2020-08-15 23:39:20',1,10,148),(491,'2020-08-15 23:40:29','2020-08-15 23:40:29',0,4,149),(492,'2020-08-15 23:40:29','2020-08-15 23:40:29',0,5,149),(493,'2020-08-15 23:40:29','2020-08-15 23:40:29',0,6,149),(494,'2020-08-15 23:40:29','2020-08-15 23:40:29',0,7,149),(495,'2020-08-15 23:40:29','2020-08-15 23:40:29',0,8,149),(496,'2020-08-15 23:40:29','2020-08-15 23:40:29',0,3,149),(497,'2020-08-15 23:40:29','2020-08-15 23:40:29',0,2,149),(498,'2020-08-15 23:40:29','2020-08-15 23:40:29',0,9,149),(499,'2020-08-15 23:40:29','2020-08-15 23:40:29',1,10,149),(500,'2020-08-15 23:47:47','2020-08-15 23:47:47',0,4,150),(501,'2020-08-15 23:47:47','2020-08-15 23:47:47',0,5,150),(502,'2020-08-15 23:47:47','2020-08-15 23:47:47',0,6,150),(503,'2020-08-15 23:47:47','2020-08-15 23:47:47',0,7,150),(504,'2020-08-15 23:47:47','2020-08-15 23:47:47',0,8,150),(505,'2020-08-15 23:47:47','2020-08-15 23:47:47',0,3,150),(506,'2020-08-15 23:47:47','2020-08-15 23:47:47',0,2,150),(507,'2020-08-15 23:47:47','2020-08-15 23:47:47',0,9,150),(508,'2020-08-15 23:55:32','2020-08-15 23:55:32',0,4,151),(509,'2020-08-15 23:55:32','2020-08-15 23:55:32',0,5,151),(510,'2020-08-15 23:55:32','2020-08-15 23:55:32',0,6,151),(511,'2020-08-15 23:55:32','2020-08-15 23:55:32',0,7,151),(512,'2020-08-15 23:55:32','2020-08-15 23:55:32',0,8,151),(513,'2020-08-15 23:55:32','2020-08-15 23:55:32',0,3,151),(514,'2020-08-15 23:55:32','2020-08-15 23:55:32',0,2,151),(515,'2020-08-15 23:55:32','2020-08-15 23:55:32',0,9,151),(516,'2020-08-15 23:55:32','2020-08-15 23:55:32',1,10,151),(517,'2020-08-16 00:00:15','2020-08-16 00:00:15',0,4,152),(518,'2020-08-16 00:00:15','2020-08-16 00:00:15',0,5,152),(519,'2020-08-16 00:00:15','2020-08-16 00:00:15',0,6,152),(520,'2020-08-16 00:00:15','2020-08-16 00:00:15',0,7,152),(521,'2020-08-16 00:00:15','2020-08-16 00:00:15',0,8,152),(522,'2020-08-16 00:00:15','2020-08-16 00:00:15',0,3,152),(523,'2020-08-16 00:00:15','2020-08-16 00:00:15',0,2,152),(524,'2020-08-16 00:00:15','2020-08-16 00:00:15',0,9,152),(525,'2020-08-16 00:00:15','2020-08-16 00:00:15',1,10,152),(526,'2020-08-16 00:01:24','2020-08-16 00:01:24',0,4,153),(527,'2020-08-16 00:01:24','2020-08-16 00:01:24',0,5,153),(528,'2020-08-16 00:01:24','2020-08-16 00:01:24',0,6,153),(529,'2020-08-16 00:01:24','2020-08-16 00:01:24',0,7,153),(530,'2020-08-16 00:01:24','2020-08-16 00:01:24',0,8,153),(531,'2020-08-16 00:01:24','2020-08-16 00:01:24',0,3,153),(532,'2020-08-16 00:01:24','2020-08-16 00:01:24',0,2,153),(533,'2020-08-16 00:01:24','2020-08-16 00:01:24',0,9,153),(534,'2020-08-16 00:01:24','2020-08-16 00:01:24',1,10,153);
/*!40000 ALTER TABLE `ylrc_msg_log` ENABLE KEYS */;
UNLOCK TABLES;

--
-- Table structure for table `ylrc_operater_log`
--

DROP TABLE IF EXISTS `ylrc_operater_log`;
/*!40101 SET @saved_cs_client     = @@character_set_client */;
/*!40101 SET character_set_client = utf8 */;
CREATE TABLE `ylrc_operater_log` (
  `id` bigint(20) NOT NULL AUTO_INCREMENT,
  `create_time` datetime NOT NULL,
  `update_time` datetime NOT NULL,
  `content` varchar(1024) NOT NULL,
  `operator` varchar(18) NOT NULL,
  PRIMARY KEY (`id`)
) ENGINE=InnoDB AUTO_INCREMENT=406 DEFAULT CHARSET=utf8;
/*!40101 SET character_set_client = @saved_cs_client */;

--
-- Dumping data for table `ylrc_operater_log`
--

LOCK TABLES `ylrc_operater_log` WRITE;
/*!40000 ALTER TABLE `ylrc_operater_log` DISABLE KEYS */;
INSERT INTO `ylrc_operater_log` VALUES (172,'2020-03-22 14:49:22','2020-03-22 14:49:22','编辑角色【超级管理员】','猿来入此'),(173,'2020-03-22 14:58:14','2020-03-22 14:58:14','用户【猿来入此】于【2020-03-22 14:58:13】登录系统！','猿来入此'),(174,'2020-03-22 15:09:49','2020-03-22 15:09:49','用户【猿来入此】于【2020-03-22 15:09:49】登录系统！','猿来入此'),(175,'2020-03-22 15:11:09','2020-03-22 15:11:09','用户【猿来入此】于【2020-03-22 15:11:08】登录系统！','猿来入此'),(176,'2020-03-22 15:13:41','2020-03-22 15:13:41','编辑菜单信息【Menu [name=备份, parent=Menu [name=null, parent=null, url=null, icon=null, sort=0, isButton=false, isShow=true], url=add(\'/database_bak/add\'), icon=mdi-database-plus, sort=17, isButton=true, isShow=true]】','猿来入此'),(177,'2020-03-22 16:16:31','2020-03-22 16:16:31','用户【猿来入此】于【2020-03-22 16:16:31】登录系统！','猿来入此'),(178,'2020-03-22 16:31:23','2020-03-22 16:31:23','用户【猿来入此】于【2020-03-22 16:31:23】登录系统！','猿来入此'),(179,'2020-03-22 16:56:25','2020-03-22 16:56:25','用户【猿来入此】于【2020-03-22 16:56:25】登录系统！','猿来入此'),(180,'2020-03-22 17:00:42','2020-03-22 17:00:42','用户【猿来入此】于【2020-03-22 17:00:42】登录系统！','猿来入此'),(181,'2020-03-22 17:13:01','2020-03-22 17:13:01','数据库成功备份，备份文件信息：DatabaseBak [filename=db_boot_base_20200322.sql, filepath=D:/workspace_devloper/baseproject/base/src/main/resources/backup/]','猿来入此'),(182,'2020-03-22 17:15:04','2020-03-22 17:15:04','数据库成功备份，备份文件信息：DatabaseBak [filename=db_boot_base_20200322171504.sql, filepath=D:/workspace_devloper/baseproject/base/src/main/resources/backup/]','猿来入此'),(183,'2020-03-22 17:15:14','2020-03-22 17:15:14','数据库成功备份，备份文件信息：DatabaseBak [filename=db_boot_base_20200322171514.sql, filepath=D:/workspace_devloper/baseproject/base/src/main/resources/backup/]','猿来入此'),(184,'2020-03-22 17:21:02','2020-03-22 17:21:02','用户【猿来入此】于【2020-03-22 17:21:02】登录系统！','猿来入此'),(185,'2020-03-22 17:21:15','2020-03-22 17:21:15','添加角色【dsadsasadsa】','猿来入此'),(186,'2020-03-22 18:09:55','2020-03-22 18:09:55','数据库成功备份，备份文件信息：DatabaseBak [filename=db_boot_base_20200322180955.sql, filepath=D:/workspace_devloper/baseproject/base/src/main/resources/backup/]','猿来入此'),(187,'2020-03-22 18:59:16','2020-03-22 18:59:16','数据库成功备份，备份文件信息：DatabaseBak [filename=db_boot_base_20200322185916.sql, filepath=D:/workspace_devloper/baseproject/base/src/main/resources/backup/]','猿来入此'),(188,'2020-03-22 18:59:41','2020-03-22 18:59:41','数据库成功还原，还原文件信息：DatabaseBak [filename=db_boot_base_20200322180955.sql, filepath=D:/workspace_devloper/baseproject/base/src/main/resources/backup/]','猿来入此'),(189,'2020-03-22 19:12:03','2020-03-22 19:12:03','数据库成功备份，备份文件信息：DatabaseBak [filename=db_boot_base_20200322191203.sql, filepath=D:/workspace_devloper/baseproject/base/src/main/resources/backup/]','猿来入此'),(190,'2020-03-22 19:12:59','2020-03-22 19:12:59','数据库成功还原，还原文件信息：DatabaseBak [filename=db_boot_base_20200322191203.sql, filepath=D:/workspace_devloper/baseproject/base/src/main/resources/backup/]','猿来入此'),(191,'2020-03-22 19:35:07','2020-03-22 19:35:07','用户【猿来入此】于【2020-03-22 19:35:07】登录系统！','猿来入此'),(192,'2020-03-22 19:35:21','2020-03-22 19:35:21','数据库成功备份，备份文件信息：DatabaseBak [filename=db_boot_base_20200322193521.sql, filepath=D:/workspace_devloper/baseproject/base/src/main/resources/backup/]','猿来入此'),(193,'2020-03-22 19:36:20','2020-03-22 19:36:20','添加菜单信息【Menu [name=还原, parent=Menu [name=null, parent=null, url=null, icon=null, sort=0, isButton=false, isShow=true], url=restore(\'/database_bak/restore\'), icon=mdi-database-minus, sort=19, isButton=true, isShow=true]】','猿来入此'),(194,'2020-03-22 19:36:34','2020-03-22 19:36:34','编辑角色【超级管理员】','猿来入此'),(195,'2020-03-22 19:36:47','2020-03-22 19:36:47','数据库成功备份，备份文件信息：DatabaseBak [filename=db_boot_base_20200322193647.sql, filepath=D:/workspace_devloper/baseproject/base/src/main/resources/backup/]','猿来入此'),(196,'2020-03-22 19:37:21','2020-03-22 19:37:21','数据库成功还原，还原文件信息：DatabaseBak [filename=db_boot_base_20200322193647.sql, filepath=D:/workspace_devloper/baseproject/base/src/main/resources/backup/]','猿来入此'),(197,'2020-03-22 19:37:54','2020-03-22 19:37:54','数据库成功备份，备份文件信息：DatabaseBak [filename=db_boot_base_20200322193754.sql, filepath=D:/workspace_devloper/baseproject/base/src/main/resources/backup/]','猿来入此'),(198,'2020-03-22 19:38:15','2020-03-22 19:38:15','数据库成功还原，还原文件信息：DatabaseBak [filename=db_boot_base_20200322193754.sql, filepath=D:/workspace_devloper/baseproject/base/src/main/resources/backup/]','猿来入此'),(199,'2020-03-22 19:43:34','2020-03-22 19:43:34','数据库成功备份，备份文件信息：DatabaseBak [filename=db_boot_base_20200322194334.sql, filepath=D:/workspace_devloper/baseproject/base/src/main/resources/backup/]','未知(获取登录用户失败)'),(200,'2020-03-22 19:43:39','2020-03-22 19:43:39','数据库成功备份，备份文件信息：DatabaseBak [filename=db_boot_base_20200322194339.sql, filepath=D:/workspace_devloper/baseproject/base/src/main/resources/backup/]','未知(获取登录用户失败)'),(201,'2020-03-22 19:43:44','2020-03-22 19:43:44','数据库成功备份，备份文件信息：DatabaseBak [filename=db_boot_base_20200322194344.sql, filepath=D:/workspace_devloper/baseproject/base/src/main/resources/backup/]','未知(获取登录用户失败)'),(202,'2020-03-22 19:43:49','2020-03-22 19:43:49','数据库成功备份，备份文件信息：DatabaseBak [filename=db_boot_base_20200322194349.sql, filepath=D:/workspace_devloper/baseproject/base/src/main/resources/backup/]','未知(获取登录用户失败)'),(203,'2020-03-22 19:43:52','2020-03-22 19:43:52','用户【猿来入此】于【2020-03-22 19:43:52】登录系统！','猿来入此'),(204,'2020-03-22 19:43:54','2020-03-22 19:43:54','数据库成功备份，备份文件信息：DatabaseBak [filename=db_boot_base_20200322194354.sql, filepath=D:/workspace_devloper/baseproject/base/src/main/resources/backup/]','未知(获取登录用户失败)'),(205,'2020-03-22 19:43:59','2020-03-22 19:43:59','数据库成功备份，备份文件信息：DatabaseBak [filename=db_boot_base_20200322194359.sql, filepath=D:/workspace_devloper/baseproject/base/src/main/resources/backup/]','未知(获取登录用户失败)'),(206,'2020-03-22 19:44:04','2020-03-22 19:44:04','数据库成功备份，备份文件信息：DatabaseBak [filename=db_boot_base_20200322194404.sql, filepath=D:/workspace_devloper/baseproject/base/src/main/resources/backup/]','未知(获取登录用户失败)'),(207,'2020-03-22 19:44:09','2020-03-22 19:44:09','数据库成功备份，备份文件信息：DatabaseBak [filename=db_boot_base_20200322194409.sql, filepath=D:/workspace_devloper/baseproject/base/src/main/resources/backup/]','未知(获取登录用户失败)'),(208,'2020-03-22 19:44:14','2020-03-22 19:44:14','数据库成功备份，备份文件信息：DatabaseBak [filename=db_boot_base_20200322194414.sql, filepath=D:/workspace_devloper/baseproject/base/src/main/resources/backup/]','未知(获取登录用户失败)'),(209,'2020-03-22 19:44:19','2020-03-22 19:44:19','数据库成功备份，备份文件信息：DatabaseBak [filename=db_boot_base_20200322194419.sql, filepath=D:/workspace_devloper/baseproject/base/src/main/resources/backup/]','未知(获取登录用户失败)'),(210,'2020-03-22 19:44:24','2020-03-22 19:44:24','数据库成功备份，备份文件信息：DatabaseBak [filename=db_boot_base_20200322194424.sql, filepath=D:/workspace_devloper/baseproject/base/src/main/resources/backup/]','未知(获取登录用户失败)'),(211,'2020-03-22 19:44:29','2020-03-22 19:44:29','数据库成功备份，备份文件信息：DatabaseBak [filename=db_boot_base_20200322194429.sql, filepath=D:/workspace_devloper/baseproject/base/src/main/resources/backup/]','未知(获取登录用户失败)'),(212,'2020-03-22 19:44:34','2020-03-22 19:44:34','数据库成功备份，备份文件信息：DatabaseBak [filename=db_boot_base_20200322194434.sql, filepath=D:/workspace_devloper/baseproject/base/src/main/resources/backup/]','未知(获取登录用户失败)'),(213,'2020-03-22 19:44:39','2020-03-22 19:44:39','数据库成功备份，备份文件信息：DatabaseBak [filename=db_boot_base_20200322194439.sql, filepath=D:/workspace_devloper/baseproject/base/src/main/resources/backup/]','未知(获取登录用户失败)'),(214,'2020-03-22 21:11:19','2020-03-22 21:11:19','用户【猿来入此】于【2020-03-22 21:11:19】登录系统！','猿来入此'),(215,'2020-03-22 21:18:12','2020-03-22 21:18:12','用户【猿来入此】于【2020-03-22 21:18:11】登录系统！','猿来入此'),(216,'2020-03-22 21:36:47','2020-03-22 21:36:47','用户【猿来入此】于【2020-03-22 21:36:47】登录系统！','猿来入此'),(217,'2020-03-22 21:43:51','2020-03-22 21:43:51','用户【猿来入此】于【2020-03-22 21:43:51】登录系统！','猿来入此'),(218,'2020-03-23 17:41:23','2020-03-23 17:41:23','用户【猿来入此】于【2020-03-23 17:41:23】登录系统！','猿来入此'),(219,'2020-03-23 17:41:49','2020-03-23 17:41:49','添加菜单信息【Menu [name=sdadsa递四方速递, parent=null, url=https://www.yuanlrc.com/, icon=mdi-alarm-snooze, sort=0, isButton=false, isShow=true]】','猿来入此'),(220,'2020-03-23 17:42:02','2020-03-23 17:42:02','编辑菜单信息【Menu [name=sdadsa递四方速递, parent=Menu [name=null, parent=null, url=null, icon=null, sort=0, isButton=false, isShow=true], url=https://www.yuanlrc.com/, icon=mdi-alarm-snooze, sort=3, isButton=false, isShow=false]】','猿来入此'),(221,'2020-03-23 17:42:09','2020-03-23 17:42:09','删除菜单信息，菜单ID【27】','猿来入此'),(222,'2020-03-23 17:42:32','2020-03-23 17:42:32','编辑角色【sdfds水电费多少】','猿来入此'),(223,'2020-03-23 17:42:45','2020-03-23 17:42:45','编辑角色【sdfds水电费多少】','猿来入此'),(224,'2020-03-23 17:42:56','2020-03-23 17:42:56','删除角色ID【7】','猿来入此'),(225,'2020-03-23 17:43:16','2020-03-23 17:43:16','添加角色【撒旦撒】','猿来入此'),(226,'2020-03-23 17:43:29','2020-03-23 17:43:29','删除角色ID【8】','猿来入此'),(227,'2020-03-23 17:44:11','2020-03-23 17:44:11','添加用户，用户名：打撒大撒','猿来入此'),(228,'2020-03-23 17:44:29','2020-03-23 17:44:29','编辑用户，用户名：打撒大撒22','猿来入此'),(229,'2020-03-23 17:44:37','2020-03-23 17:44:37','添加用户，用户ID：6','猿来入此'),(230,'2020-03-23 17:44:55','2020-03-23 17:44:55','添加用户，用户ID：4','猿来入此'),(231,'2020-03-23 17:45:47','2020-03-23 17:45:47','编辑用户，用户名：小刘同志','猿来入此'),(232,'2020-03-23 17:46:49','2020-03-23 17:46:49','数据库成功备份，备份文件信息：DatabaseBak [filename=db_boot_base_20200323174649.sql, filepath=D:/workspace_devloper/baseproject/base/src/main/resources/backup/]','猿来入此'),(233,'2020-03-23 17:47:16','2020-03-23 17:47:16','数据库成功还原，还原文件信息：DatabaseBak [filename=db_boot_base_20200323174649.sql, filepath=D:/workspace_devloper/baseproject/base/src/main/resources/backup/]','猿来入此'),(234,'2020-03-23 17:48:15','2020-03-23 17:48:15','用户【测试账号】于【2020-03-23 17:48:15】登录系统！','测试账号'),(235,'2020-03-23 17:49:00','2020-03-23 17:49:00','编辑角色【测试角色】','测试账号'),(236,'2020-03-23 17:49:50','2020-03-23 17:49:50','用户【猿来入此】于【2020-03-23 17:49:50】登录系统！','猿来入此'),(237,'2020-03-23 17:50:03','2020-03-23 17:50:03','编辑用户，用户名：小刘同志','猿来入此'),(238,'2020-03-23 17:50:19','2020-03-23 17:50:19','编辑用户，用户名：小刘同志','猿来入此'),(239,'2020-03-23 17:50:56','2020-03-23 17:50:56','用户【猿来入此】于【2020-03-23 17:50:56】登录系统！','猿来入此'),(240,'2020-07-11 11:26:40','2020-07-11 11:26:40','用户【猿来入此】于【2020-07-11 11:26:39】登录系统！','猿来入此'),(241,'2020-07-11 11:33:39','2020-07-11 11:33:39','编辑菜单信息【Menu [name=菜单管理, parent=Menu [name=null, parent=null, url=null, icon=null, sort=0, isButton=false, isShow=true], url=/admin/menu/list, icon=mdi-view-list, sort=1, isButton=false, isShow=true]】','猿来入此'),(242,'2020-07-11 11:34:19','2020-07-11 11:34:19','编辑菜单信息【Menu [name=新增, parent=Menu [name=null, parent=null, url=null, icon=null, sort=0, isButton=false, isShow=true], url=/admin/menu/add, icon=mdi-plus, sort=2, isButton=false, isShow=true]】','猿来入此'),(243,'2020-07-11 11:34:30','2020-07-11 11:34:30','编辑菜单信息【Menu [name=编辑, parent=Menu [name=null, parent=null, url=null, icon=null, sort=0, isButton=false, isShow=true], url=edit(\'/admin/menu/edit\'), icon=mdi-grease-pencil, sort=3, isButton=true, isShow=true]】','猿来入此'),(244,'2020-07-11 11:56:16','2020-07-11 11:56:16','用户【猿来入此】于【2020-07-11 11:56:16】登录系统！','猿来入此'),(245,'2020-07-11 15:21:49','2020-07-11 15:21:49','用户【猿来入此】于【2020-07-11 15:21:49】注册成功！','未知(获取登录用户失败)'),(246,'2020-07-11 15:39:25','2020-07-11 15:39:25','用户【猿来入此】于【2020-07-11 15:39:25】登录成功！','未知(获取登录用户失败)'),(247,'2020-07-11 16:44:26','2020-07-11 16:44:26','用户【猿来入此】于【2020-07-11 16:44:26】登录成功！','未知(获取登录用户失败)'),(248,'2020-07-11 16:45:09','2020-07-11 16:45:09','用户【猿来入此】于【2020-07-11 16:45:09】登录成功！','未知(获取登录用户失败)'),(249,'2020-07-11 19:47:59','2020-07-11 19:47:59','用户【猿来入此】于【2020-07-11 19:47:59】登录成功！','未知(获取登录用户失败)'),(250,'2020-07-11 20:02:28','2020-07-11 20:02:28','用户【猿来入此】于【2020-07-11 20:02:27】登录成功！','未知(获取登录用户失败)'),(251,'2020-07-11 21:25:41','2020-07-11 21:25:41','用户【猿来入此】于【2020-07-11 21:25:41】登录成功！','未知(获取登录用户失败)'),(252,'2020-07-11 22:30:17','2020-07-11 22:30:17','用户【猿来入此】于【2020-07-11 22:30:17】登录成功！','未知(获取登录用户失败)'),(253,'2020-07-11 22:34:49','2020-07-11 22:34:49','用户【猿来入此】于【2020-07-11 22:34:49】登录成功！','未知(获取登录用户失败)'),(254,'2020-07-11 22:36:27','2020-07-11 22:36:27','用户【猿来入此】于【2020-07-11 22:36:27】登录成功！','未知(获取登录用户失败)'),(255,'2020-07-11 22:41:07','2020-07-11 22:41:07','用户【猿来入此】于【2020-07-11 22:41:07】登录成功！','未知(获取登录用户失败)'),(256,'2020-07-11 23:48:13','2020-07-11 23:48:13','用户【猿来入此】于【2020-07-11 23:48:13】登录成功！','未知(获取登录用户失败)'),(257,'2020-07-11 23:54:06','2020-07-11 23:54:06','用户【猿来入此】于【2020-07-11 23:54:06】登录成功！','未知(获取登录用户失败)'),(258,'2020-07-12 00:25:22','2020-07-12 00:25:22','用户【猿来入此】于【2020-07-12 00:25:22】登录成功！','未知(获取登录用户失败)'),(259,'2020-07-12 00:30:25','2020-07-12 00:30:25','用户【猿来入此】于【2020-07-12 00:30:25】修改个人信息！','未知(获取登录用户失败)'),(260,'2020-07-12 00:30:58','2020-07-12 00:30:58','用户【猿来入此】于【2020-07-12 00:30:58】修改个人信息！','未知(获取登录用户失败)'),(261,'2020-07-12 00:31:08','2020-07-12 00:31:08','用户【猿来入此】于【2020-07-12 00:31:08】修改个人信息！','未知(获取登录用户失败)'),(262,'2020-07-12 00:31:58','2020-07-12 00:31:58','用户【猿来入此】于【2020-07-12 00:31:58】修改个人信息！','未知(获取登录用户失败)'),(263,'2020-07-12 00:32:10','2020-07-12 00:32:10','用户【猿来入此】于【2020-07-12 00:32:10】修改个人信息！','未知(获取登录用户失败)'),(264,'2020-07-12 00:32:35','2020-07-12 00:32:35','用户【猿来入此】于【2020-07-12 00:32:35】修改个人信息！','未知(获取登录用户失败)'),(265,'2020-07-12 00:32:46','2020-07-12 00:32:46','用户【猿来入此】于【2020-07-12 00:32:46】修改个人信息！','未知(获取登录用户失败)'),(266,'2020-07-12 00:33:39','2020-07-12 00:33:39','用户【小明同学】于【2020-07-12 00:33:39】注册成功！','未知(获取登录用户失败)'),(267,'2020-07-12 00:33:46','2020-07-12 00:33:46','用户【小明同学】于【2020-07-12 00:33:46】登录成功！','未知(获取登录用户失败)'),(268,'2020-07-12 00:34:27','2020-07-12 00:34:27','用户【猿来入此1】于【2020-07-12 00:34:27】修改个人信息！','未知(获取登录用户失败)'),(269,'2020-07-12 00:34:49','2020-07-12 00:34:49','用户【小明同学】于【2020-07-12 00:34:49】修改个人信息！','未知(获取登录用户失败)'),(270,'2020-07-12 00:34:57','2020-07-12 00:34:57','用户【小明同学】于【2020-07-12 00:34:57】修改个人信息！','未知(获取登录用户失败)'),(271,'2020-07-12 01:00:00','2020-07-12 01:00:00','数据库成功备份，备份文件信息：DatabaseBak [filename=db_chatonline_20200712010000.sql, filepath=E:/workspace-test/chatonline/src/main/resources/backup/]','未知(获取登录用户失败)'),(272,'2020-07-12 12:02:15','2020-07-12 12:02:15','用户【猿来入此】于【2020-07-12 12:02:15】登录成功！','未知(获取登录用户失败)'),(273,'2020-07-12 12:25:40','2020-07-12 12:25:40','用户【猿来入此】于【2020-07-12 12:25:40】修改个人信息！','未知(获取登录用户失败)'),(274,'2020-07-12 13:05:34','2020-07-12 13:05:34','用户【猿来入此】于【2020-07-12 13:05:34】修改个人信息！','未知(获取登录用户失败)'),(275,'2020-07-12 13:05:52','2020-07-12 13:05:52','用户【猿来入此】于【2020-07-12 13:05:52】修改个人信息！','未知(获取登录用户失败)'),(276,'2020-07-12 13:06:13','2020-07-12 13:06:13','用户【猿来入此】于【2020-07-12 13:06:13】修改个人信息！','未知(获取登录用户失败)'),(277,'2020-07-12 14:21:25','2020-07-12 14:21:25','用户【aaaa】于【2020-07-12 14:21:25】注册成功！','未知(获取登录用户失败)'),(278,'2020-07-12 14:21:50','2020-07-12 14:21:50','用户【aaa1】于【2020-07-12 14:21:50】注册成功！','未知(获取登录用户失败)'),(279,'2020-07-12 14:22:02','2020-07-12 14:22:02','用户【aaa2】于【2020-07-12 14:22:02】注册成功！','未知(获取登录用户失败)'),(280,'2020-07-12 14:22:13','2020-07-12 14:22:13','用户【aaa3】于【2020-07-12 14:22:13】注册成功！','未知(获取登录用户失败)'),(281,'2020-07-12 14:22:22','2020-07-12 14:22:22','用户【aaa4】于【2020-07-12 14:22:22】注册成功！','未知(获取登录用户失败)'),(282,'2020-07-12 14:22:39','2020-07-12 14:22:39','用户【aaa5】于【2020-07-12 14:22:39】注册成功！','未知(获取登录用户失败)'),(283,'2020-07-12 16:11:58','2020-07-12 16:11:58','用户【猿来入此】于【2020-07-12 16:11:57】登录成功！','未知(获取登录用户失败)'),(284,'2020-07-12 17:01:02','2020-07-12 17:01:02','用户【猿来入此】于【2020-07-12 17:01:02】登录成功！','未知(获取登录用户失败)'),(285,'2020-07-12 17:04:28','2020-07-12 17:04:28','用户【猿来入此】于【2020-07-12 17:04:28】登录成功！','未知(获取登录用户失败)'),(286,'2020-07-12 17:33:04','2020-07-12 17:33:04','用户【猿来入此】于【2020-07-12 17:33:04】登录成功！','未知(获取登录用户失败)'),(287,'2020-07-12 17:37:22','2020-07-12 17:37:22','用户【aaa1】于【2020-07-12 17:37:22】登录成功！','未知(获取登录用户失败)'),(288,'2020-07-12 17:53:48','2020-07-12 17:53:48','用户【猿来入此】于【2020-07-12 17:53:48】登录成功！','未知(获取登录用户失败)'),(289,'2020-07-12 17:57:06','2020-07-12 17:57:06','用户【aaa2】于【2020-07-12 17:57:06】登录成功！','未知(获取登录用户失败)'),(290,'2020-07-12 17:57:45','2020-07-12 17:57:45','用户【aaa1】于【2020-07-12 17:57:45】登录成功！','未知(获取登录用户失败)'),(291,'2020-07-12 17:59:39','2020-07-12 17:59:39','用户【aaa1】于【2020-07-12 17:59:39】登录成功！','未知(获取登录用户失败)'),(292,'2020-07-12 18:15:11','2020-07-12 18:15:11','用户【猿来入此】于【2020-07-12 18:15:11】登录成功！','未知(获取登录用户失败)'),(293,'2020-07-12 18:15:38','2020-07-12 18:15:38','用户【aaa1】于【2020-07-12 18:15:38】登录成功！','未知(获取登录用户失败)'),(294,'2020-07-12 19:42:44','2020-07-12 19:42:44','用户【aaa1】于【2020-07-12 19:42:44】登录成功！','未知(获取登录用户失败)'),(295,'2020-07-12 20:17:36','2020-07-12 20:17:36','用户【猿来入此】于【2020-07-12 20:17:35】登录成功！','未知(获取登录用户失败)'),(296,'2020-07-12 20:17:51','2020-07-12 20:17:51','用户【aaa1】于【2020-07-12 20:17:51】登录成功！','未知(获取登录用户失败)'),(297,'2020-07-12 20:31:56','2020-07-12 20:31:56','用户【aaa2】于【2020-07-12 20:31:56】登录成功！','未知(获取登录用户失败)'),(298,'2020-07-12 20:38:09','2020-07-12 20:38:09','用户【aaaa】于【2020-07-12 20:38:09】登录成功！','未知(获取登录用户失败)'),(299,'2020-07-12 20:38:46','2020-07-12 20:38:46','用户【aaa3】于【2020-07-12 20:38:46】登录成功！','未知(获取登录用户失败)'),(300,'2020-07-12 20:43:33','2020-07-12 20:43:33','用户【秦时明月】于【2020-07-12 20:43:33】修改个人信息！','未知(获取登录用户失败)'),(301,'2020-07-12 20:44:52','2020-07-12 20:44:52','用户【秦时明月】于【2020-07-12 20:44:52】修改个人信息！','未知(获取登录用户失败)'),(302,'2020-07-12 20:46:04','2020-07-12 20:46:04','用户【秦时明月】于【2020-07-12 20:46:04】修改个人信息！','未知(获取登录用户失败)'),(303,'2020-07-12 20:46:23','2020-07-12 20:46:23','用户【秦时明月】于【2020-07-12 20:46:23】修改个人信息！','未知(获取登录用户失败)'),(304,'2020-07-12 20:46:35','2020-07-12 20:46:35','用户【秦时明月】于【2020-07-12 20:46:34】修改个人信息！','未知(获取登录用户失败)'),(305,'2020-07-12 20:46:55','2020-07-12 20:46:55','用户【秦时明月】于【2020-07-12 20:46:55】修改个人信息！','未知(获取登录用户失败)'),(306,'2020-07-12 20:54:01','2020-07-12 20:54:01','用户【猿来入此】于【2020-07-12 20:54:01】登录成功！','未知(获取登录用户失败)'),(307,'2020-07-12 20:54:23','2020-07-12 20:54:23','用户【aaaa】于【2020-07-12 20:54:23】登录成功！','未知(获取登录用户失败)'),(308,'2020-07-12 20:56:01','2020-07-12 20:56:01','用户【小张同学】于【2020-07-12 20:56:01】修改个人信息！','未知(获取登录用户失败)'),(309,'2020-07-12 20:56:29','2020-07-12 20:56:29','用户【aaa1】于【2020-07-12 20:56:29】登录成功！','未知(获取登录用户失败)'),(310,'2020-07-12 20:58:46','2020-07-12 20:58:46','用户【慢慢来会比较快】于【2020-07-12 20:58:46】修改个人信息！','未知(获取登录用户失败)'),(311,'2020-07-12 20:59:05','2020-07-12 20:59:05','用户【aaa2】于【2020-07-12 20:59:05】登录成功！','未知(获取登录用户失败)'),(312,'2020-07-12 21:00:26','2020-07-12 21:00:26','用户【舍我其谁】于【2020-07-12 21:00:26】修改个人信息！','未知(获取登录用户失败)'),(313,'2020-07-12 21:00:59','2020-07-12 21:00:59','用户【aaa4】于【2020-07-12 21:00:59】登录成功！','未知(获取登录用户失败)'),(314,'2020-07-12 21:10:00','2020-07-12 21:10:00','用户【雄霸天下】于【2020-07-12 21:10:00】修改个人信息！','未知(获取登录用户失败)'),(315,'2020-07-12 21:10:42','2020-07-12 21:10:42','用户【aaa5】于【2020-07-12 21:10:42】登录成功！','未知(获取登录用户失败)'),(316,'2020-07-12 21:11:56','2020-07-12 21:11:56','用户【天下霸唱】于【2020-07-12 21:11:56】修改个人信息！','未知(获取登录用户失败)'),(317,'2020-07-12 21:11:57','2020-07-12 21:11:57','用户【天下霸唱】于【2020-07-12 21:11:57】修改个人信息！','未知(获取登录用户失败)'),(318,'2020-07-12 21:12:02','2020-07-12 21:12:02','用户【天下霸唱】于【2020-07-12 21:12:02】修改个人信息！','未知(获取登录用户失败)'),(319,'2020-07-12 21:18:54','2020-07-12 21:18:54','用户【猿来入此】于【2020-07-12 21:18:54】登录成功！','未知(获取登录用户失败)'),(320,'2020-07-12 21:19:52','2020-07-12 21:19:52','用户【天下霸唱】于【2020-07-12 21:19:52】登录成功！','未知(获取登录用户失败)'),(321,'2020-07-12 21:20:31','2020-07-12 21:20:31','用户【天下霸唱】于【2020-07-12 21:20:31】修改个人信息！','未知(获取登录用户失败)'),(322,'2020-07-12 21:23:16','2020-07-12 21:23:16','用户【雄霸天下】于【2020-07-12 21:23:16】登录成功！','未知(获取登录用户失败)'),(323,'2020-07-12 21:23:31','2020-07-12 21:23:31','用户【雄霸天下】于【2020-07-12 21:23:31】修改个人信息！','未知(获取登录用户失败)'),(324,'2020-07-12 21:25:11','2020-07-12 21:25:11','用户【雄霸天下】于【2020-07-12 21:25:11】修改个人信息！','未知(获取登录用户失败)'),(325,'2020-07-12 21:25:29','2020-07-12 21:25:29','用户【小张同学】于【2020-07-12 21:25:29】登录成功！','未知(获取登录用户失败)'),(326,'2020-07-12 21:25:56','2020-07-12 21:25:56','用户【小张同学】于【2020-07-12 21:25:56】修改个人信息！','未知(获取登录用户失败)'),(327,'2020-07-12 21:26:11','2020-07-12 21:26:11','用户【小张同学】于【2020-07-12 21:26:11】修改个人信息！','未知(获取登录用户失败)'),(328,'2020-07-12 21:26:46','2020-07-12 21:26:46','用户【慢慢来会比较快】于【2020-07-12 21:26:46】登录成功！','未知(获取登录用户失败)'),(329,'2020-07-12 21:27:07','2020-07-12 21:27:07','用户【慢慢来会比较快】于【2020-07-12 21:27:07】修改个人信息！','未知(获取登录用户失败)'),(330,'2020-07-12 21:27:56','2020-07-12 21:27:56','用户【秦时明月】于【2020-07-12 21:27:56】登录成功！','未知(获取登录用户失败)'),(331,'2020-07-12 21:28:03','2020-07-12 21:28:03','用户【秦时明月】于【2020-07-12 21:28:03】修改个人信息！','未知(获取登录用户失败)'),(332,'2020-07-12 21:28:08','2020-07-12 21:28:08','用户【秦时明月】于【2020-07-12 21:28:08】修改个人信息！','未知(获取登录用户失败)'),(333,'2020-07-12 21:28:41','2020-07-12 21:28:41','用户【天下霸唱】于【2020-07-12 21:28:41】登录成功！','未知(获取登录用户失败)'),(334,'2020-07-12 21:28:47','2020-07-12 21:28:47','用户【天下霸唱】于【2020-07-12 21:28:47】修改个人信息！','未知(获取登录用户失败)'),(335,'2020-07-12 21:29:07','2020-07-12 21:29:07','用户【雄霸天下】于【2020-07-12 21:29:07】登录成功！','未知(获取登录用户失败)'),(336,'2020-07-12 21:33:50','2020-07-12 21:33:50','用户【雄霸天下】于【2020-07-12 21:33:50】修改个人信息！','未知(获取登录用户失败)'),(337,'2020-07-12 21:34:08','2020-07-12 21:34:08','用户【小明同学】于【2020-07-12 21:34:08】登录成功！','未知(获取登录用户失败)'),(338,'2020-07-13 15:58:24','2020-07-13 15:58:24','用户【猿来入此】于【2020-07-13 15:58:24】登录成功！','未知(获取登录用户失败)'),(339,'2020-07-13 16:57:56','2020-07-13 16:57:56','用户【猿来入此】于【2020-07-13 16:57:56】登录成功！','未知(获取登录用户失败)'),(340,'2020-07-13 17:05:41','2020-07-13 17:05:41','用户【猿来入此】于【2020-07-13 17:05:41】登录成功！','未知(获取登录用户失败)'),(341,'2020-07-14 10:23:03','2020-07-14 10:23:03','用户【猿来入此】于【2020-07-14 10:23:03】登录成功！','未知(获取登录用户失败)'),(342,'2020-07-14 14:24:08','2020-07-14 14:24:08','用户【猿来入此】于【2020-07-14 14:24:08】登录成功！','未知(获取登录用户失败)'),(343,'2020-07-14 15:31:32','2020-07-14 15:31:32','用户【猿来入此】于【2020-07-14 15:31:32】登录成功！','未知(获取登录用户失败)'),(344,'2020-07-14 15:35:46','2020-07-14 15:35:46','用户【猿来入此】于【2020-07-14 15:35:46】登录成功！','未知(获取登录用户失败)'),(345,'2020-07-14 15:40:13','2020-07-14 15:40:13','用户【猿来入此】于【2020-07-14 15:40:13】登录成功！','未知(获取登录用户失败)'),(346,'2020-07-14 15:45:05','2020-07-14 15:45:05','用户【猿来入此】于【2020-07-14 15:45:05】登录成功！','未知(获取登录用户失败)'),(347,'2020-07-15 09:55:40','2020-07-15 09:55:40','用户【猿来入此】于【2020-07-15 09:55:40】登录成功！','未知(获取登录用户失败)'),(348,'2020-07-15 16:32:06','2020-07-15 16:32:06','用户【猿来入此】于【2020-07-15 16:32:06】登录成功！','未知(获取登录用户失败)'),(349,'2020-07-15 16:35:11','2020-07-15 16:35:11','用户【小明同学】于【2020-07-15 16:35:11】登录成功！','未知(获取登录用户失败)'),(350,'2020-07-15 16:43:48','2020-07-15 16:43:48','用户【小张同学】于【2020-07-15 16:43:48】登录成功！','未知(获取登录用户失败)'),(351,'2020-07-15 17:04:50','2020-07-15 17:04:50','用户【慢慢来会比较快】于【2020-07-15 17:04:50】登录成功！','未知(获取登录用户失败)'),(352,'2020-07-15 17:07:11','2020-07-15 17:07:11','用户【舍我其谁】于【2020-07-15 17:07:11】登录成功！','未知(获取登录用户失败)'),(353,'2020-07-15 17:07:52','2020-07-15 17:07:52','用户【秦时明月】于【2020-07-15 17:07:52】登录成功！','未知(获取登录用户失败)'),(354,'2020-07-15 17:08:13','2020-07-15 17:08:13','用户【雄霸天下】于【2020-07-15 17:08:13】登录成功！','未知(获取登录用户失败)'),(355,'2020-07-15 17:08:32','2020-07-15 17:08:32','用户【天下霸唱】于【2020-07-15 17:08:32】登录成功！','未知(获取登录用户失败)'),(356,'2020-07-15 20:49:21','2020-07-15 20:49:21','用户【猿来入此】于【2020-07-15 20:49:21】登录成功！','未知(获取登录用户失败)'),(357,'2020-07-15 21:47:14','2020-07-15 21:47:14','用户【猿来入此】于【2020-07-15 21:47:14】登录成功！','未知(获取登录用户失败)'),(358,'2020-07-16 11:48:51','2020-07-16 11:48:51','用户【猿来入此】于【2020-07-16 11:48:51】登录成功！','未知(获取登录用户失败)'),(359,'2020-07-16 12:09:01','2020-07-16 12:09:01','用户【猿来入此】于【2020-07-16 12:09:01】登录成功！','未知(获取登录用户失败)'),(360,'2020-07-16 13:10:35','2020-07-16 13:10:35','用户【猿来入此】于【2020-07-16 13:10:35】登录成功！','未知(获取登录用户失败)'),(361,'2020-07-16 19:19:04','2020-07-16 19:19:04','用户【猿来入此】于【2020-07-16 19:19:04】登录成功！','未知(获取登录用户失败)'),(362,'2020-07-17 15:27:15','2020-07-17 15:27:15','用户【猿来入此】于【2020-07-17 15:27:15】登录成功！','未知(获取登录用户失败)'),(363,'2020-07-17 16:40:30','2020-07-17 16:40:30','用户【猿来入此】于【2020-07-17 16:40:30】登录成功！','未知(获取登录用户失败)'),(364,'2020-07-17 18:30:22','2020-07-17 18:30:22','用户【猿来入此】于【2020-07-17 18:30:22】登录成功！','未知(获取登录用户失败)'),(365,'2020-07-19 23:07:11','2020-07-19 23:07:11','用户【猿来入此】于【2020-07-19 23:07:11】登录成功！','未知(获取登录用户失败)'),(366,'2020-07-20 20:23:25','2020-07-20 20:23:25','用户【猿来入此】于【2020-07-20 20:23:25】登录成功！','未知(获取登录用户失败)'),(367,'2020-07-21 21:23:56','2020-07-21 21:23:56','用户【猿来入此】于【2020-07-21 21:23:56】登录成功！','未知(获取登录用户失败)'),(368,'2020-07-21 22:39:28','2020-07-21 22:39:28','用户【慢慢来会比较快】于【2020-07-21 22:39:28】登录成功！','未知(获取登录用户失败)'),(369,'2020-07-21 22:39:58','2020-07-21 22:39:58','用户【猿来入此】于【2020-07-21 22:39:58】登录成功！','未知(获取登录用户失败)'),(370,'2020-07-22 20:36:17','2020-07-22 20:36:17','用户【猿来入此】于【2020-07-22 20:36:17】登录成功！','未知(获取登录用户失败)'),(371,'2020-07-22 21:41:53','2020-07-22 21:41:53','用户【猿来入此】于【2020-07-22 21:41:53】登录成功！','未知(获取登录用户失败)'),(372,'2020-07-22 22:15:09','2020-07-22 22:15:09','用户【小明同学】于【2020-07-22 22:15:09】登录成功！','未知(获取登录用户失败)'),(373,'2020-07-22 22:44:34','2020-07-22 22:44:34','用户【猿来入此】于【2020-07-22 22:44:34】登录成功！','未知(获取登录用户失败)'),(374,'2020-07-22 23:08:11','2020-07-22 23:08:11','用户【小明同学】于【2020-07-22 23:08:11】登录成功！','未知(获取登录用户失败)'),(375,'2020-07-23 20:40:54','2020-07-23 20:40:54','用户【猿来入此】于【2020-07-23 20:40:54】登录成功！','未知(获取登录用户失败)'),(376,'2020-07-23 21:52:16','2020-07-23 21:52:16','用户【猿来入此】于【2020-07-23 21:52:16】登录成功！','未知(获取登录用户失败)'),(377,'2020-07-23 22:13:20','2020-07-23 22:13:20','用户【小明同学】于【2020-07-23 22:13:20】登录成功！','未知(获取登录用户失败)'),(378,'2020-07-29 20:45:45','2020-07-29 20:45:45','用户【猿来入此】于【2020-07-29 20:45:45】登录成功！','未知(获取登录用户失败)'),(379,'2020-07-29 20:48:23','2020-07-29 20:48:23','用户【猿来入此】于【2020-07-29 20:48:23】修改个人信息！','未知(获取登录用户失败)'),(380,'2020-07-29 20:53:19','2020-07-29 20:53:19','用户【猿来入此】于【2020-07-29 20:53:19】修改个人信息！','未知(获取登录用户失败)'),(381,'2020-07-29 21:09:02','2020-07-29 21:09:02','用户【猿来入此】于【2020-07-29 21:09:02】登录成功！','未知(获取登录用户失败)'),(382,'2020-07-29 21:09:40','2020-07-29 21:09:40','用户【慢慢来会比较快】于【2020-07-29 21:09:40】登录成功！','未知(获取登录用户失败)'),(383,'2020-07-29 21:32:02','2020-07-29 21:32:02','用户【朱波蕊蕊】于【2020-07-29 21:32:02】注册成功！','未知(获取登录用户失败)'),(384,'2020-07-29 21:32:15','2020-07-29 21:32:15','用户【朱波蕊蕊】于【2020-07-29 21:32:15】登录成功！','未知(获取登录用户失败)'),(385,'2020-07-29 21:33:04','2020-07-29 21:33:04','用户【朱波蕊蕊】于【2020-07-29 21:33:04】修改个人信息！','未知(获取登录用户失败)'),(386,'2020-07-29 21:38:35','2020-07-29 21:38:35','用户【朱波蕊蕊】于【2020-07-29 21:38:35】登录成功！','未知(获取登录用户失败)'),(387,'2020-07-29 21:44:51','2020-07-29 21:44:51','用户【朱波蕊蕊】于【2020-07-29 21:44:51】登录成功！','未知(获取登录用户失败)'),(388,'2020-08-04 20:18:33','2020-08-04 20:18:33','用户【猿来入此】于【2020-08-04 20:18:33】登录成功！','未知(获取登录用户失败)'),(389,'2020-08-04 20:40:42','2020-08-04 20:40:42','用户【小明同学】于【2020-08-04 20:40:42】登录成功！','未知(获取登录用户失败)'),(390,'2020-08-04 21:22:27','2020-08-04 21:22:27','用户【猿来入此】于【2020-08-04 21:22:27】登录成功！','未知(获取登录用户失败)'),(391,'2020-08-04 21:22:44','2020-08-04 21:22:44','用户【小明同学】于【2020-08-04 21:22:44】登录成功！','未知(获取登录用户失败)'),(392,'2020-08-04 21:24:47','2020-08-04 21:24:47','用户【秦时明月】于【2020-08-04 21:24:47】登录成功！','未知(获取登录用户失败)'),(393,'2020-08-04 21:31:09','2020-08-04 21:31:09','用户【秦时明月】于【2020-08-04 21:31:09】登录成功！','未知(获取登录用户失败)'),(394,'2020-08-05 20:38:39','2020-08-05 20:38:39','用户【猿来入此】于【2020-08-05 20:38:39】登录成功！','未知(获取登录用户失败)'),(395,'2020-08-05 20:42:06','2020-08-05 20:42:06','用户【小明同学】于【2020-08-05 20:42:06】登录成功！','未知(获取登录用户失败)'),(396,'2020-08-05 20:51:59','2020-08-05 20:51:59','用户【小明同学】于【2020-08-05 20:51:59】登录成功！','未知(获取登录用户失败)'),(397,'2020-08-05 20:54:11','2020-08-05 20:54:11','用户【慢慢来会比较快】于【2020-08-05 20:54:11】登录成功！','未知(获取登录用户失败)'),(398,'2020-08-09 22:01:31','2020-08-09 22:01:31','用户【猿来入此】于【2020-08-09 22:01:31】登录成功！','未知(获取登录用户失败)'),(399,'2020-08-15 15:11:01','2020-08-15 15:11:01','用户【猿来入此】于【2020-08-15 15:11:01】登录成功！','未知(获取登录用户失败)'),(400,'2020-08-15 15:11:51','2020-08-15 15:11:51','用户【无影无踪】于【2020-08-15 15:11:51】注册成功！','未知(获取登录用户失败)'),(401,'2020-08-15 15:11:59','2020-08-15 15:11:59','用户【无影无踪】于【2020-08-15 15:11:59】登录成功！','未知(获取登录用户失败)'),(402,'2020-08-15 15:14:11','2020-08-15 15:14:11','用户【无影无踪】于【2020-08-15 15:14:11】修改个人信息！','未知(获取登录用户失败)'),(403,'2020-08-15 19:21:48','2020-08-15 19:21:48','用户【猿来入此】于【2020-08-15 19:21:48】登录成功！','未知(获取登录用户失败)'),(404,'2020-08-15 23:35:33','2020-08-15 23:35:33','用户【无影无踪】于【2020-08-15 23:35:33】登录成功！','未知(获取登录用户失败)'),(405,'2020-08-16 01:00:00','2020-08-16 01:00:00','数据库成功备份，备份文件信息：DatabaseBak [filename=db_chatonline_20200816010000.sql, filepath=E:/workspace-test/chatonline/src/main/resources/backup/]','未知(获取登录用户失败)');
/*!40000 ALTER TABLE `ylrc_operater_log` ENABLE KEYS */;
UNLOCK TABLES;

--
-- Table structure for table `ylrc_role`
--

DROP TABLE IF EXISTS `ylrc_role`;
/*!40101 SET @saved_cs_client     = @@character_set_client */;
/*!40101 SET character_set_client = utf8 */;
CREATE TABLE `ylrc_role` (
  `id` bigint(20) NOT NULL AUTO_INCREMENT,
  `create_time` datetime NOT NULL,
  `update_time` datetime NOT NULL,
  `name` varchar(18) NOT NULL,
  `remark` varchar(128) DEFAULT NULL,
  `status` int(11) DEFAULT NULL,
  PRIMARY KEY (`id`)
) ENGINE=InnoDB AUTO_INCREMENT=5 DEFAULT CHARSET=utf8;
/*!40101 SET character_set_client = @saved_cs_client */;

--
-- Dumping data for table `ylrc_role`
--

LOCK TABLES `ylrc_role` WRITE;
/*!40000 ALTER TABLE `ylrc_role` DISABLE KEYS */;
INSERT INTO `ylrc_role` VALUES (1,'2020-03-15 13:16:38','2020-03-22 19:36:34','超级管理员','超级管理员拥有最高权限。',1),(2,'2020-03-15 13:18:57','2020-03-21 22:18:43','普通管理员','普通管理员只有部分权限',1),(4,'2020-03-21 20:11:00','2020-03-23 17:49:00','测试角色','sadsa',0);
/*!40000 ALTER TABLE `ylrc_role` ENABLE KEYS */;
UNLOCK TABLES;

--
-- Table structure for table `ylrc_role_authorities`
--

DROP TABLE IF EXISTS `ylrc_role_authorities`;
/*!40101 SET @saved_cs_client     = @@character_set_client */;
/*!40101 SET character_set_client = utf8 */;
CREATE TABLE `ylrc_role_authorities` (
  `role_id` bigint(20) NOT NULL,
  `authorities_id` bigint(20) NOT NULL,
  KEY `FKhj7ap1o1cjrl7enr9arf5f2qp` (`authorities_id`),
  KEY `FKg3xdaexmr0x1qx8omhvjtk46d` (`role_id`),
  CONSTRAINT `FKg3xdaexmr0x1qx8omhvjtk46d` FOREIGN KEY (`role_id`) REFERENCES `ylrc_role` (`id`),
  CONSTRAINT `FKhj7ap1o1cjrl7enr9arf5f2qp` FOREIGN KEY (`authorities_id`) REFERENCES `ylrc_menu` (`id`)
) ENGINE=InnoDB DEFAULT CHARSET=utf8;
/*!40101 SET character_set_client = @saved_cs_client */;

--
-- Dumping data for table `ylrc_role_authorities`
--

LOCK TABLES `ylrc_role_authorities` WRITE;
/*!40000 ALTER TABLE `ylrc_role_authorities` DISABLE KEYS */;
INSERT INTO `ylrc_role_authorities` VALUES (2,2),(2,3),(2,5),(2,7),(2,11),(2,13),(2,16),(1,2),(1,3),(1,5),(1,8),(1,9),(1,7),(1,10),(1,11),(1,12),(1,13),(1,14),(1,15),(1,16),(1,19),(1,20),(1,21),(1,22),(1,23),(1,24),(1,25),(1,26),(4,2),(4,13),(4,15);
/*!40000 ALTER TABLE `ylrc_role_authorities` ENABLE KEYS */;
UNLOCK TABLES;

--
-- Table structure for table `ylrc_user`
--

DROP TABLE IF EXISTS `ylrc_user`;
/*!40101 SET @saved_cs_client     = @@character_set_client */;
/*!40101 SET character_set_client = utf8 */;
CREATE TABLE `ylrc_user` (
  `id` bigint(20) NOT NULL AUTO_INCREMENT,
  `create_time` datetime NOT NULL,
  `update_time` datetime NOT NULL,
  `email` varchar(32) DEFAULT NULL,
  `head_pic` varchar(128) DEFAULT NULL,
  `mobile` varchar(12) DEFAULT NULL,
  `password` varchar(32) NOT NULL,
  `sex` int(11) DEFAULT NULL,
  `status` int(11) DEFAULT NULL,
  `username` varchar(18) NOT NULL,
  `role_id` bigint(20) DEFAULT NULL,
  PRIMARY KEY (`id`),
  UNIQUE KEY `UK_btsosjytrl4hu7fnm1intcpo8` (`username`),
  KEY `FKg09b8o67eu61st68rv6nk8npj` (`role_id`),
  CONSTRAINT `FKg09b8o67eu61st68rv6nk8npj` FOREIGN KEY (`role_id`) REFERENCES `ylrc_role` (`id`)
) ENGINE=InnoDB AUTO_INCREMENT=6 DEFAULT CHARSET=utf8;
/*!40101 SET character_set_client = @saved_cs_client */;

--
-- Dumping data for table `ylrc_user`
--

LOCK TABLES `ylrc_user` WRITE;
/*!40000 ALTER TABLE `ylrc_user` DISABLE KEYS */;
INSERT INTO `ylrc_user` VALUES (1,'2020-03-18 19:18:53','2020-03-22 12:43:54','ylrc@qq.com','20200322/1584850135123.jpg','13356565656','123456',1,1,'猿来入此',1),(2,'2020-03-18 19:20:36','2020-03-21 22:18:55','llq@qq.com','20200318/1584530412075.jpg','13918655656','123456',1,1,'测试账号',2),(5,'2020-03-20 20:42:19','2020-03-23 17:50:19','yw@qq.com','20200323/1584956702094.png','13356565656','123456',1,1,'小刘同志',4);
/*!40000 ALTER TABLE `ylrc_user` ENABLE KEYS */;
UNLOCK TABLES;
/*!40103 SET TIME_ZONE=@OLD_TIME_ZONE */;

/*!40101 SET SQL_MODE=@OLD_SQL_MODE */;
/*!40014 SET FOREIGN_KEY_CHECKS=@OLD_FOREIGN_KEY_CHECKS */;
/*!40014 SET UNIQUE_CHECKS=@OLD_UNIQUE_CHECKS */;
/*!40101 SET CHARACTER_SET_CLIENT=@OLD_CHARACTER_SET_CLIENT */;
/*!40101 SET CHARACTER_SET_RESULTS=@OLD_CHARACTER_SET_RESULTS */;
/*!40101 SET COLLATION_CONNECTION=@OLD_COLLATION_CONNECTION */;
/*!40111 SET SQL_NOTES=@OLD_SQL_NOTES */;

-- Dump completed on 2020-08-16  1:00:00
